product_skey,slocation_skey,unique_customer_id,sale_id,product_id,store_id,product_size,product_cost,product_ingredients
38,3,,00004bec-ea99-4438-a10b-b09d59766323,Squeezed Sweetness,BNE02,Medium,7.0,
19,3,,00004bec-ea99-4438-a10b-b09d59766323,Jeneration,BNE02,Large,9.0,
3,3,,00004bec-ea99-4438-a10b-b09d59766323,Bounty Of Benefits,BNE02,Large,9.0,
1,3,,00009147-e212-47ec-aed5-295cbc0aeeee,ACID Sunshine,BNE02,Small,5.0,
23,3,,00009147-e212-47ec-aed5-295cbc0aeeee,Jumpstart,BNE02,Medium,7.0,
32,3,,00009147-e212-47ec-aed5-295cbc0aeeee,Powerful Punch,BNE02,Small,5.0,
27,3,,00009147-e212-47ec-aed5-295cbc0aeeee,No Excuse,BNE02,Large,9.0,
6,3,,00009147-e212-47ec-aed5-295cbc0aeeee,Drink Your Greens,BNE02,Large,9.0,
18,8,,0000e29f-91a0-4813-bb22-f150b1c431e6,Indulgent,SYD01,Small,5.0,
15,9,WLG01-31,00011072-f5c7-45b6-be75-f1a227bba634,Healthy Hydration,WLG01,Medium,7.0,
22,9,WLG01-31,00011072-f5c7-45b6-be75-f1a227bba634,Jumble,WLG01,Medium,7.0,
37,9,WLG01-31,00011072-f5c7-45b6-be75-f1a227bba634,SQL Paths,WLG01,Large,9.0,
41,9,WLG01-31,00011072-f5c7-45b6-be75-f1a227bba634,Worth The Squeeze,WLG01,Medium,7.0,
41,6,,000203b3-1bda-474f-a81a-eb7c48ff43e0,Worth The Squeeze,MEL02,Small,5.0,
11,6,,000203b3-1bda-474f-a81a-eb7c48ff43e0,Fruit Warehouse,MEL02,Small,5.0,
39,6,,000203b3-1bda-474f-a81a-eb7c48ff43e0,Super Squeezed,MEL02,Large,9.0,
19,6,,000203b3-1bda-474f-a81a-eb7c48ff43e0,Jeneration,MEL02,Medium,7.0,
27,6,,000203b3-1bda-474f-a81a-eb7c48ff43e0,No Excuse,MEL02,Medium,7.0,
9,6,,00021175-0bb3-4dd0-b4a5-8eac39f65c3f,Fit Drink,MEL02,Medium,7.0,
37,6,,00021175-0bb3-4dd0-b4a5-8eac39f65c3f,SQL Paths,MEL02,Small,5.0,
2,6,,00021175-0bb3-4dd0-b4a5-8eac39f65c3f,Blended Benefits,MEL02,Large,9.0,
1,6,,0002428f-b0ff-4c55-b7c1-49c6138edbae,ACID Sunshine,MEL02,Small,5.0,
12,6,,0002428f-b0ff-4c55-b7c1-49c6138edbae,Fruits Of Labor,MEL02,Medium,7.0,
16,6,,0002428f-b0ff-4c55-b7c1-49c6138edbae,Healthy Resource,MEL02,Small,5.0,
32,6,,00027158-961e-482a-aeea-bfb159250f2c,Powerful Punch,MEL02,Large,9.0,
18,6,,00027158-961e-482a-aeea-bfb159250f2c,Indulgent,MEL02,Small,5.0,
4,6,,00027158-961e-482a-aeea-bfb159250f2c,Complete Cleanse,MEL02,Small,5.0,
7,6,,00027158-961e-482a-aeea-bfb159250f2c,Drink Your Vitamins,MEL02,Small,5.0,
6,4,CBR01-122,0002d9c7-6a14-4d2e-bc90-4f0cd5b118a9,Drink Your Greens,CBR01,Large,9.0,
32,6,,0002e905-bfd1-4285-988b-b8870295e3c6,Powerful Punch,MEL02,Medium,7.0,
18,6,,0002e905-bfd1-4285-988b-b8870295e3c6,Indulgent,MEL02,Large,9.0,
20,8,SYD01-387,0003395c-a278-4bbb-8639-e5f92cecadff,Joyful,SYD01,Large,9.0,
40,8,SYD01-387,0003395c-a278-4bbb-8639-e5f92cecadff,Tough And Tasty,SYD01,Medium,7.0,
34,8,SYD01-387,0003395c-a278-4bbb-8639-e5f92cecadff,Punch,SYD01,Small,5.0,
27,8,SYD01-387,0003395c-a278-4bbb-8639-e5f92cecadff,No Excuse,SYD01,Large,9.0,
16,8,SYD01-387,0003395c-a278-4bbb-8639-e5f92cecadff,Healthy Resource,SYD01,Small,5.0,
38,6,,00033a07-e486-4c4e-99a9-5ed6eb7868c3,Squeezed Sweetness,MEL02,Small,5.0,
16,5,,0003b432-f66b-4918-908e-5b6889c73e3c,Healthy Resource,MEL01,Large,9.0,
32,8,,0004426d-1b47-4511-ae44-e63b122b5994,Powerful Punch,SYD01,Medium,7.0,
32,6,MEL02-175,0004f086-35ef-4228-882e-ea75f8a95c6d,Powerful Punch,MEL02,Small,5.0,
13,3,BNE02-170,00051e78-9047-4b2d-aa79-d1aa11561e14,Get Clean,BNE02,Small,5.0,
13,3,BNE02-170,00051e78-9047-4b2d-aa79-d1aa11561e14,Get Clean,BNE02,Large,9.0,
24,3,BNE02-170,00051e78-9047-4b2d-aa79-d1aa11561e14,Jungle,BNE02,Large,9.0,
27,3,,00052fd0-d6e1-4ff5-842c-c0c604921da5,No Excuse,BNE02,Medium,7.0,
2,3,,00052fd0-d6e1-4ff5-842c-c0c604921da5,Blended Benefits,BNE02,Small,5.0,
9,3,,00063c81-3781-4a97-948e-6c97482a0206,Fit Drink,BNE02,Large,9.0,
25,3,,00063c81-3781-4a97-948e-6c97482a0206,Just Juicy,BNE02,Large,9.0,
28,3,,00063c81-3781-4a97-948e-6c97482a0206,Nothing To Lose,BNE02,Medium,7.0,
18,3,,00063c81-3781-4a97-948e-6c97482a0206,Indulgent,BNE02,Large,9.0,
40,2,AKL02-94,00068ed2-9723-4bc0-b55a-8c2018d59c10,Tough And Tasty,AKL02,Large,9.0,
14,7,PER01-220,00072738-8d76-48b1-9645-3f459000ed12,Healthy,PER01,Medium,7.0,
41,7,PER01-220,00072738-8d76-48b1-9645-3f459000ed12,Worth The Squeeze,PER01,Medium,7.0,
5,7,PER01-220,00072738-8d76-48b1-9645-3f459000ed12,Craze,PER01,Medium,7.0,
35,7,,0007c4b6-9e3f-4c40-8d0f-70fd1639cef7,Rapid Reward,PER01,Medium,7.0,
1,7,,0007c4b6-9e3f-4c40-8d0f-70fd1639cef7,ACID Sunshine,PER01,Small,5.0,
26,3,,0007c5cb-8822-4797-80f5-1003ac7add58,Justified,BNE02,Large,9.0,
16,3,,0007c5cb-8822-4797-80f5-1003ac7add58,Healthy Resource,BNE02,Small,5.0,
15,3,,0007c5cb-8822-4797-80f5-1003ac7add58,Healthy Hydration,BNE02,Medium,7.0,
2,8,SYD01-70,0007d6e3-6a5e-4706-9b8d-1584bfd9a572,Blended Benefits,SYD01,Large,9.0,
37,8,SYD01-70,0007d6e3-6a5e-4706-9b8d-1584bfd9a572,SQL Paths,SYD01,Medium,7.0,
39,6,,0008271b-b228-41b7-9939-50386eba8b91,Super Squeezed,MEL02,Small,5.0,
41,6,,0008271b-b228-41b7-9939-50386eba8b91,Worth The Squeeze,MEL02,Small,5.0,
32,7,PER01-355,000831d5-b5f6-4f94-9e60-16504fc7a3da,Powerful Punch,PER01,Large,9.0,
2,7,PER01-355,000831d5-b5f6-4f94-9e60-16504fc7a3da,Blended Benefits,PER01,Medium,7.0,
36,7,PER01-355,000831d5-b5f6-4f94-9e60-16504fc7a3da,Refreshing Reward,PER01,Medium,7.0,
5,7,PER01-355,000831d5-b5f6-4f94-9e60-16504fc7a3da,Craze,PER01,Small,5.0,
25,1,,0008457f-c566-4ae6-a0b4-f0f9f591f860,Just Juicy,AKL01,Large,9.0,
23,1,,0008457f-c566-4ae6-a0b4-f0f9f591f860,Jumpstart,AKL01,Medium,7.0,
1,4,CBR01-109,00086808-7f26-4e32-9478-749de61e46d3,ACID Sunshine,CBR01,Small,5.0,
8,4,CBR01-109,00086808-7f26-4e32-9478-749de61e46d3,Drinkable Vitamins,CBR01,Medium,7.0,
32,4,CBR01-109,00086808-7f26-4e32-9478-749de61e46d3,Powerful Punch,CBR01,Large,9.0,
33,4,CBR01-109,00086808-7f26-4e32-9478-749de61e46d3,Pulp Power,CBR01,Large,9.0,
29,9,,0008900b-d170-417b-9a25-fb34adcc7cad,Orange Lake,WLG01,Medium,7.0,
20,9,,0008900b-d170-417b-9a25-fb34adcc7cad,Joyful,WLG01,Small,5.0,
21,8,,0008a6cb-32ab-44e5-863b-1faa833e208f,Juicy Hydration,SYD01,Medium,7.0,
2,8,,0008e58d-6d61-4419-9891-4bba4b14a1ea,Blended Benefits,SYD01,Small,5.0,
14,8,,0008e58d-6d61-4419-9891-4bba4b14a1ea,Healthy,SYD01,Medium,7.0,
26,4,,000915b3-4c97-4393-a2ce-7b405ee640f7,Justified,CBR01,Small,5.0,
1,4,,000915b3-4c97-4393-a2ce-7b405ee640f7,ACID Sunshine,CBR01,Small,5.0,
12,4,,000915b3-4c97-4393-a2ce-7b405ee640f7,Fruits Of Labor,CBR01,Small,5.0,
36,4,,000915b3-4c97-4393-a2ce-7b405ee640f7,Refreshing Reward,CBR01,Medium,7.0,
16,4,,000915b3-4c97-4393-a2ce-7b405ee640f7,Healthy Resource,CBR01,Medium,7.0,
23,8,SYD01-594,000919d4-1c7e-447f-9622-867321226334,Jumpstart,SYD01,Large,9.0,
38,8,SYD01-594,000919d4-1c7e-447f-9622-867321226334,Squeezed Sweetness,SYD01,Medium,7.0,
22,8,SYD01-594,000919d4-1c7e-447f-9622-867321226334,Jumble,SYD01,Large,9.0,
2,8,SYD01-594,000919d4-1c7e-447f-9622-867321226334,Blended Benefits,SYD01,Large,9.0,
38,8,SYD01-594,000919d4-1c7e-447f-9622-867321226334,Squeezed Sweetness,SYD01,Large,9.0,
23,1,,0009ae6f-7619-411b-9b09-de0eec04240a,Jumpstart,AKL01,Large,9.0,
30,8,,0009b461-7971-4693-a2cb-94f272297845,Packed Punch,SYD01,Small,5.0,
41,8,,0009b461-7971-4693-a2cb-94f272297845,Worth The Squeeze,SYD01,Small,5.0,
7,8,,0009b461-7971-4693-a2cb-94f272297845,Drink Your Vitamins,SYD01,Medium,7.0,
11,6,,000a220b-1967-48e4-a83b-8e4372e2ef8b,Fruit Warehouse,MEL02,Medium,7.0,
5,6,,000a220b-1967-48e4-a83b-8e4372e2ef8b,Craze,MEL02,Medium,7.0,
34,6,,000a220b-1967-48e4-a83b-8e4372e2ef8b,Punch,MEL02,Small,5.0,
8,6,,000a5358-344f-42e8-8d85-ff6eba9b7240,Drinkable Vitamins,MEL02,Medium,7.0,
26,6,,000a5358-344f-42e8-8d85-ff6eba9b7240,Justified,MEL02,Medium,7.0,
25,6,,000a5358-344f-42e8-8d85-ff6eba9b7240,Just Juicy,MEL02,Small,5.0,
9,4,,000a724e-13de-4d2d-86a7-f9987abf30fd,Fit Drink,CBR01,Small,5.0,
13,4,,000a724e-13de-4d2d-86a7-f9987abf30fd,Get Clean,CBR01,Large,9.0,
6,4,,000a7dba-6760-48a7-9ddc-906e01f1643e,Drink Your Greens,CBR01,Large,9.0,
10,4,,000a7dba-6760-48a7-9ddc-906e01f1643e,Fit Fuel,CBR01,Medium,7.0,
13,4,,000a7dba-6760-48a7-9ddc-906e01f1643e,Get Clean,CBR01,Medium,7.0,
23,6,,000b38e8-bfd9-49c8-81af-f3b7a24eb4bb,Jumpstart,MEL02,Large,9.0,
19,6,,000b38e8-bfd9-49c8-81af-f3b7a24eb4bb,Jeneration,MEL02,Large,9.0,
18,1,,000b6677-4faf-46b6-bc79-d9e3f5c27248,Indulgent,AKL01,Medium,7.0,
4,1,,000b6677-4faf-46b6-bc79-d9e3f5c27248,Complete Cleanse,AKL01,Small,5.0,
5,1,,000b6677-4faf-46b6-bc79-d9e3f5c27248,Craze,AKL01,Medium,7.0,
20,1,,000b6677-4faf-46b6-bc79-d9e3f5c27248,Joyful,AKL01,Medium,7.0,
22,8,SYD01-275,000bc585-42fd-4cd4-a4eb-4e22fb8c1622,Jumble,SYD01,Large,9.0,
30,8,SYD01-275,000bc585-42fd-4cd4-a4eb-4e22fb8c1622,Packed Punch,SYD01,Large,9.0,
21,8,SYD01-275,000bc585-42fd-4cd4-a4eb-4e22fb8c1622,Juicy Hydration,SYD01,Large,9.0,
16,3,,000cff85-6e67-4708-83bc-10281c0543b2,Healthy Resource,BNE02,Small,5.0,
16,5,,000d411d-cb3f-42db-b8de-4909a3ea0c58,Healthy Resource,MEL01,Large,9.0,
7,5,,000d411d-cb3f-42db-b8de-4909a3ea0c58,Drink Your Vitamins,MEL01,Medium,7.0,
20,3,,000dd429-817a-45d6-bbaa-b591084c27e1,Joyful,BNE02,Medium,7.0,
34,3,,000dd429-817a-45d6-bbaa-b591084c27e1,Punch,BNE02,Small,5.0,
19,3,,000dd429-817a-45d6-bbaa-b591084c27e1,Jeneration,BNE02,Small,5.0,
36,3,,000dd429-817a-45d6-bbaa-b591084c27e1,Refreshing Reward,BNE02,Small,5.0,
25,1,,000ddf38-23e6-4b21-8b05-eff03f6733cf,Just Juicy,AKL01,Small,5.0,
23,1,,000ddf38-23e6-4b21-8b05-eff03f6733cf,Jumpstart,AKL01,Small,5.0,
26,6,,000df752-60a4-4aa1-9325-8d5965ff6872,Justified,MEL02,Small,5.0,
33,6,,000df752-60a4-4aa1-9325-8d5965ff6872,Pulp Power,MEL02,Medium,7.0,
12,8,,000e37d9-9a8d-404c-a132-9d946b270472,Fruits Of Labor,SYD01,Large,9.0,
23,8,,000e37d9-9a8d-404c-a132-9d946b270472,Jumpstart,SYD01,Large,9.0,
17,8,,000e37d9-9a8d-404c-a132-9d946b270472,Hydration Station,SYD01,Small,5.0,
35,3,BNE02-113,000e7510-33b6-4fee-9da4-75699620684a,Rapid Reward,BNE02,Medium,7.0,
11,5,MEL01-150,000e853d-2083-44d2-a7e7-e9c6e43c97da,Fruit Warehouse,MEL01,Medium,7.0,
32,5,MEL01-150,000e853d-2083-44d2-a7e7-e9c6e43c97da,Powerful Punch,MEL01,Small,5.0,
9,5,MEL01-150,000e853d-2083-44d2-a7e7-e9c6e43c97da,Fit Drink,MEL01,Medium,7.0,
32,5,MEL01-150,000e853d-2083-44d2-a7e7-e9c6e43c97da,Powerful Punch,MEL01,Large,9.0,
36,5,MEL01-150,000e853d-2083-44d2-a7e7-e9c6e43c97da,Refreshing Reward,MEL01,Medium,7.0,
10,6,,000ee5ee-5c5e-416d-acbb-86fc2c1b0c6e,Fit Fuel,MEL02,Medium,7.0,
40,6,,000ee5ee-5c5e-416d-acbb-86fc2c1b0c6e,Tough And Tasty,MEL02,Medium,7.0,
32,1,,000ef8e5-d4dc-4a14-ac90-4278a950c1c1,Powerful Punch,AKL01,Medium,7.0,
31,1,,000ef8e5-d4dc-4a14-ac90-4278a950c1c1,Power Punch,AKL01,Large,9.0,
17,1,,000ef8e5-d4dc-4a14-ac90-4278a950c1c1,Hydration Station,AKL01,Small,5.0,
16,3,,000efd44-3cca-4957-8510-5ccc50c78b66,Healthy Resource,BNE02,Small,5.0,
33,1,AKL01-363,000f0fd1-fe5d-4117-826d-38fb35280b5a,Pulp Power,AKL01,Large,9.0,
1,1,AKL01-363,000f0fd1-fe5d-4117-826d-38fb35280b5a,ACID Sunshine,AKL01,Large,9.0,
23,3,,000f1161-7d83-4859-a56e-1bca1d12fc8b,Jumpstart,BNE02,Small,5.0,
35,3,,000f1161-7d83-4859-a56e-1bca1d12fc8b,Rapid Reward,BNE02,Large,9.0,
9,1,AKL01-371,000f5d94-cbf2-4438-b9ed-af9e52ab245d,Fit Drink,AKL01,Small,5.0,
34,1,AKL01-371,000f5d94-cbf2-4438-b9ed-af9e52ab245d,Punch,AKL01,Medium,7.0,
31,4,,000fcdd9-41d8-4952-a5e9-a0328eda3ecf,Power Punch,CBR01,Large,9.0,
16,6,MEL02-415,000ff073-4956-44b2-a434-5e8011d42485,Healthy Resource,MEL02,Medium,7.0,
4,6,MEL02-415,000ff073-4956-44b2-a434-5e8011d42485,Complete Cleanse,MEL02,Small,5.0,
38,4,,000ff33b-1c18-4706-8a2a-8c798f98b55e,Squeezed Sweetness,CBR01,Large,9.0,
11,4,,000ff33b-1c18-4706-8a2a-8c798f98b55e,Fruit Warehouse,CBR01,Medium,7.0,
5,4,,000ff33b-1c18-4706-8a2a-8c798f98b55e,Craze,CBR01,Small,5.0,
22,1,,000ff471-96bc-439a-b2d3-352a6fa5261c,Jumble,AKL01,Medium,7.0,
34,1,,001003a6-bf15-4656-a0e1-b6c4810c73e3,Punch,AKL01,Small,5.0,
17,8,SYD01-387,00101c68-9096-478a-a553-cf6a83c9658b,Hydration Station,SYD01,Medium,7.0,
22,8,SYD01-442,001060b7-2dd5-406c-a7d4-745197b76d48,Jumble,SYD01,Large,9.0,
14,8,SYD01-442,001060b7-2dd5-406c-a7d4-745197b76d48,Healthy,SYD01,Large,9.0,
14,8,SYD01-442,001060b7-2dd5-406c-a7d4-745197b76d48,Healthy,SYD01,Medium,7.0,
29,9,WLG01-582,00106517-038c-4cb1-95cc-491cdc862145,Orange Lake,WLG01,Large,9.0,
38,8,,0010cf42-2053-4034-8b95-9a49179c4790,Squeezed Sweetness,SYD01,Medium,7.0,
3,8,,0010cf42-2053-4034-8b95-9a49179c4790,Bounty Of Benefits,SYD01,Large,9.0,
27,8,,0010cf42-2053-4034-8b95-9a49179c4790,No Excuse,SYD01,Large,9.0,
41,8,,0010cf42-2053-4034-8b95-9a49179c4790,Worth The Squeeze,SYD01,Small,5.0,
11,3,,00111329-cab5-47e1-a26b-5275845b3282,Fruit Warehouse,BNE02,Medium,7.0,
23,3,,00111329-cab5-47e1-a26b-5275845b3282,Jumpstart,BNE02,Large,9.0,
7,3,,00111329-cab5-47e1-a26b-5275845b3282,Drink Your Vitamins,BNE02,Medium,7.0,
32,5,MEL01-221,00111be2-1c83-4f47-8477-163baa6b5f76,Powerful Punch,MEL01,Large,9.0,
22,5,MEL01-221,00111be2-1c83-4f47-8477-163baa6b5f76,Jumble,MEL01,Medium,7.0,
22,6,,00123100-3948-4ed8-a6fd-6aca6dc8d6eb,Jumble,MEL02,Medium,7.0,
40,6,,00123100-3948-4ed8-a6fd-6aca6dc8d6eb,Tough And Tasty,MEL02,Small,5.0,
26,6,,00123100-3948-4ed8-a6fd-6aca6dc8d6eb,Justified,MEL02,Medium,7.0,
3,6,,00123100-3948-4ed8-a6fd-6aca6dc8d6eb,Bounty Of Benefits,MEL02,Medium,7.0,
12,4,CBR01-101,0012495d-28cd-40da-bc3e-301133dc1948,Fruits Of Labor,CBR01,Medium,7.0,
25,4,CBR01-101,0012495d-28cd-40da-bc3e-301133dc1948,Just Juicy,CBR01,Small,5.0,
19,4,CBR01-101,0012495d-28cd-40da-bc3e-301133dc1948,Jeneration,CBR01,Large,9.0,
11,4,CBR01-101,0012495d-28cd-40da-bc3e-301133dc1948,Fruit Warehouse,CBR01,Small,5.0,
14,4,CBR01-101,0012495d-28cd-40da-bc3e-301133dc1948,Healthy,CBR01,Large,9.0,
15,2,,0012b814-9595-4ada-ac2f-8a6a560279a8,Healthy Hydration,AKL02,Small,5.0,
27,8,SYD01-588,0012fc3b-7858-421d-9e61-e15d86c80b9a,No Excuse,SYD01,Small,5.0,
21,8,SYD01-588,0012fc3b-7858-421d-9e61-e15d86c80b9a,Juicy Hydration,SYD01,Large,9.0,
27,3,,0013334a-0a0e-4252-9817-ff14c4f734da,No Excuse,BNE02,Small,5.0,
40,8,,00135343-7210-4764-960c-35c2294f0ba7,Tough And Tasty,SYD01,Medium,7.0,
23,8,,00135343-7210-4764-960c-35c2294f0ba7,Jumpstart,SYD01,Large,9.0,
20,8,,00135343-7210-4764-960c-35c2294f0ba7,Joyful,SYD01,Small,5.0,
7,8,,00140cf0-553b-47cb-8315-f58c5899066a,Drink Your Vitamins,SYD01,Large,9.0,
4,8,,00140cf0-553b-47cb-8315-f58c5899066a,Complete Cleanse,SYD01,Small,5.0,
3,8,,00140cf0-553b-47cb-8315-f58c5899066a,Bounty Of Benefits,SYD01,Small,5.0,
11,8,,00140cf0-553b-47cb-8315-f58c5899066a,Fruit Warehouse,SYD01,Large,9.0,
20,9,,00142c2c-17c7-4614-91a0-e42ee4f2e480,Joyful,WLG01,Medium,7.0,
41,9,,00142c2c-17c7-4614-91a0-e42ee4f2e480,Worth The Squeeze,WLG01,Large,9.0,
11,9,,00142c2c-17c7-4614-91a0-e42ee4f2e480,Fruit Warehouse,WLG01,Medium,7.0,
35,9,,00142c2c-17c7-4614-91a0-e42ee4f2e480,Rapid Reward,WLG01,Medium,7.0,
30,9,,00142c2c-17c7-4614-91a0-e42ee4f2e480,Packed Punch,WLG01,Small,5.0,
35,8,SYD01-40,0014b68d-721f-4d6c-a3a3-d875554a084f,Rapid Reward,SYD01,Large,9.0,
20,8,SYD01-40,0014b68d-721f-4d6c-a3a3-d875554a084f,Joyful,SYD01,Medium,7.0,
25,8,SYD01-40,0014b68d-721f-4d6c-a3a3-d875554a084f,Just Juicy,SYD01,Small,5.0,
16,1,,00151af5-9827-404c-bd34-921863ca81a1,Healthy Resource,AKL01,Large,9.0,
7,1,,00151af5-9827-404c-bd34-921863ca81a1,Drink Your Vitamins,AKL01,Medium,7.0,
2,1,,00151af5-9827-404c-bd34-921863ca81a1,Blended Benefits,AKL01,Medium,7.0,
39,7,,00158aaf-36a4-49ab-9653-9c9e464c40da,Super Squeezed,PER01,Medium,7.0,
2,7,,00158aaf-36a4-49ab-9653-9c9e464c40da,Blended Benefits,PER01,Large,9.0,
33,5,MEL01-646,0016c4d4-eb41-4627-ab0e-f922debfcfda,Pulp Power,MEL01,Large,9.0,
34,5,MEL01-646,0016c4d4-eb41-4627-ab0e-f922debfcfda,Punch,MEL01,Medium,7.0,
19,5,MEL01-646,0016c4d4-eb41-4627-ab0e-f922debfcfda,Jeneration,MEL01,Large,9.0,
1,5,MEL01-646,0016c4d4-eb41-4627-ab0e-f922debfcfda,ACID Sunshine,MEL01,Large,9.0,
22,7,PER01-395,0016c687-8c60-42ab-bf33-43918cc8b7a1,Jumble,PER01,Large,9.0,
3,5,,0016ce53-b73e-47a9-88b2-12cb1a2708f0,Bounty Of Benefits,MEL01,Small,5.0,
2,8,SYD01-283,0017559a-099e-4db0-bc04-18c76be01059,Blended Benefits,SYD01,Medium,7.0,
11,8,SYD01-283,0017559a-099e-4db0-bc04-18c76be01059,Fruit Warehouse,SYD01,Large,9.0,
36,5,MEL01-593,00175b7b-d6c6-469c-b270-17418c57d785,Refreshing Reward,MEL01,Medium,7.0,
2,5,MEL01-593,00175b7b-d6c6-469c-b270-17418c57d785,Blended Benefits,MEL01,Medium,7.0,
2,5,MEL01-593,00175b7b-d6c6-469c-b270-17418c57d785,Blended Benefits,MEL01,Small,5.0,
21,1,,0017c016-9e9a-477d-827a-55cd19d29b8b,Juicy Hydration,AKL01,Medium,7.0,
20,1,,0017c016-9e9a-477d-827a-55cd19d29b8b,Joyful,AKL01,Medium,7.0,
21,1,,0017de4a-b8b2-4ddc-a5cb-7dbe2e62a3ef,Juicy Hydration,AKL01,Small,5.0,
41,6,,0017e901-3a9d-4015-82b9-60a737fe658b,Worth The Squeeze,MEL02,Large,9.0,
20,6,,0017e901-3a9d-4015-82b9-60a737fe658b,Joyful,MEL02,Small,5.0,
8,6,,0017e901-3a9d-4015-82b9-60a737fe658b,Drinkable Vitamins,MEL02,Small,5.0,
9,6,,0017e901-3a9d-4015-82b9-60a737fe658b,Fit Drink,MEL02,Large,9.0,
5,6,,0017e901-3a9d-4015-82b9-60a737fe658b,Craze,MEL02,Large,9.0,
21,2,AKL02-66,0018a2a7-30d2-4f3a-8afd-7a01a1fe0c03,Juicy Hydration,AKL02,Large,9.0,
15,9,WLG01-606,00191cfe-ef5b-4723-801e-cda018bc7ad7,Healthy Hydration,WLG01,Small,5.0,
1,9,WLG01-606,00191cfe-ef5b-4723-801e-cda018bc7ad7,ACID Sunshine,WLG01,Small,5.0,
13,9,WLG01-606,00191cfe-ef5b-4723-801e-cda018bc7ad7,Get Clean,WLG01,Small,5.0,
40,9,WLG01-606,00191cfe-ef5b-4723-801e-cda018bc7ad7,Tough And Tasty,WLG01,Medium,7.0,
15,5,MEL01-452,001a283c-b3d2-46ce-b311-9fac9f8a572e,Healthy Hydration,MEL01,Small,5.0,
13,8,SYD01-323,001a3263-5430-46e2-9cef-8aad8cee5936,Get Clean,SYD01,Small,5.0,
33,1,,001a39c1-9a01-4e64-932b-f8db3a36bda6,Pulp Power,AKL01,Small,5.0,
22,1,,001abf1e-3d33-47bf-9ead-e9eb9dee96cf,Jumble,AKL01,Small,5.0,
39,1,,001abf1e-3d33-47bf-9ead-e9eb9dee96cf,Super Squeezed,AKL01,Small,5.0,
3,1,,001abf1e-3d33-47bf-9ead-e9eb9dee96cf,Bounty Of Benefits,AKL01,Medium,7.0,
29,1,,001abf1e-3d33-47bf-9ead-e9eb9dee96cf,Orange Lake,AKL01,Medium,7.0,
2,6,,001acf9e-c598-4d50-b311-d8c2795f83f9,Blended Benefits,MEL02,Large,9.0,
40,8,,001ad075-5058-4d51-b125-6135e7618fc4,Tough And Tasty,SYD01,Small,5.0,
33,8,,001ad075-5058-4d51-b125-6135e7618fc4,Pulp Power,SYD01,Large,9.0,
4,8,,001ad075-5058-4d51-b125-6135e7618fc4,Complete Cleanse,SYD01,Small,5.0,
30,8,,001ad075-5058-4d51-b125-6135e7618fc4,Packed Punch,SYD01,Large,9.0,
16,8,SYD01-579,001ad0ad-929c-49d2-84c7-e27228a05403,Healthy Resource,SYD01,Large,9.0,
38,8,SYD01-579,001ad0ad-929c-49d2-84c7-e27228a05403,Squeezed Sweetness,SYD01,Medium,7.0,
14,8,SYD01-579,001ad0ad-929c-49d2-84c7-e27228a05403,Healthy,SYD01,Small,5.0,
8,8,SYD01-579,001ad0ad-929c-49d2-84c7-e27228a05403,Drinkable Vitamins,SYD01,Medium,7.0,
4,8,SYD01-579,001ad0ad-929c-49d2-84c7-e27228a05403,Complete Cleanse,SYD01,Medium,7.0,
29,3,,001b381d-1780-4c2a-974c-fa283d0d633e,Orange Lake,BNE02,Small,5.0,
27,3,,001b381d-1780-4c2a-974c-fa283d0d633e,No Excuse,BNE02,Medium,7.0,
11,2,AKL02-58,001b3dc1-5759-448d-93bb-fab599cd5813,Fruit Warehouse,AKL02,Small,5.0,
31,2,AKL02-58,001b3dc1-5759-448d-93bb-fab599cd5813,Power Punch,AKL02,Large,9.0,
17,2,AKL02-58,001b3dc1-5759-448d-93bb-fab599cd5813,Hydration Station,AKL02,Small,5.0,
20,6,,001b43b4-c740-4ede-bfe0-f37c34d6e599,Joyful,MEL02,Large,9.0,
13,6,,001b43b4-c740-4ede-bfe0-f37c34d6e599,Get Clean,MEL02,Small,5.0,
24,1,,001ba83f-e7be-4a7e-9d7f-7d962cf345b0,Jungle,AKL01,Large,9.0,
13,1,,001ba83f-e7be-4a7e-9d7f-7d962cf345b0,Get Clean,AKL01,Large,9.0,
1,6,,001be8e8-c608-4d06-ba94-6a2c75a1cae3,ACID Sunshine,MEL02,Medium,7.0,
37,6,,001be8e8-c608-4d06-ba94-6a2c75a1cae3,SQL Paths,MEL02,Medium,7.0,
12,6,,001be8e8-c608-4d06-ba94-6a2c75a1cae3,Fruits Of Labor,MEL02,Large,9.0,
17,6,,001be8e8-c608-4d06-ba94-6a2c75a1cae3,Hydration Station,MEL02,Large,9.0,
19,5,,001bfae2-1efd-4ec9-998d-fa22d39e3ab9,Jeneration,MEL01,Small,5.0,
13,5,,001bfae2-1efd-4ec9-998d-fa22d39e3ab9,Get Clean,MEL01,Large,9.0,
31,5,,001bfae2-1efd-4ec9-998d-fa22d39e3ab9,Power Punch,MEL01,Medium,7.0,
33,3,,001bfbcd-a217-46de-987f-a8cec8ebcbc6,Pulp Power,BNE02,Large,9.0,
2,3,,001c0eac-5800-43b7-8fff-a143e27f5240,Blended Benefits,BNE02,Small,5.0,
10,3,,001c0eac-5800-43b7-8fff-a143e27f5240,Fit Fuel,BNE02,Large,9.0,
20,6,,001c2017-09d5-4176-855e-4e42b9d4cfdc,Joyful,MEL02,Small,5.0,
31,5,,001c715b-d539-4d89-a297-2c58ebb1a254,Power Punch,MEL01,Large,9.0,
40,5,,001c715b-d539-4d89-a297-2c58ebb1a254,Tough And Tasty,MEL01,Medium,7.0,
24,5,,001c715b-d539-4d89-a297-2c58ebb1a254,Jungle,MEL01,Medium,7.0,
25,5,,001c715b-d539-4d89-a297-2c58ebb1a254,Just Juicy,MEL01,Medium,7.0,
21,6,,001cbfd5-c5a5-46e8-8168-16efaad485b1,Juicy Hydration,MEL02,Medium,7.0,
2,6,,001cbfd5-c5a5-46e8-8168-16efaad485b1,Blended Benefits,MEL02,Large,9.0,
8,6,,001cbfd5-c5a5-46e8-8168-16efaad485b1,Drinkable Vitamins,MEL02,Large,9.0,
40,6,,001cbfd5-c5a5-46e8-8168-16efaad485b1,Tough And Tasty,MEL02,Large,9.0,
17,8,SYD01-576,001d351a-51b7-42e5-a32d-7c6f33e0b5e6,Hydration Station,SYD01,Medium,7.0,
38,8,SYD01-576,001d351a-51b7-42e5-a32d-7c6f33e0b5e6,Squeezed Sweetness,SYD01,Small,5.0,
39,8,SYD01-576,001d351a-51b7-42e5-a32d-7c6f33e0b5e6,Super Squeezed,SYD01,Large,9.0,
20,8,SYD01-576,001d351a-51b7-42e5-a32d-7c6f33e0b5e6,Joyful,SYD01,Small,5.0,
30,1,AKL01-283,001d39af-e971-4b1f-96e3-8d1b4a20d7ae,Packed Punch,AKL01,Medium,7.0,
13,1,AKL01-283,001d39af-e971-4b1f-96e3-8d1b4a20d7ae,Get Clean,AKL01,Small,5.0,
16,1,AKL01-283,001d39af-e971-4b1f-96e3-8d1b4a20d7ae,Healthy Resource,AKL01,Large,9.0,
6,6,,001d47d3-be6c-49b6-a537-048ad1d1f63d,Drink Your Greens,MEL02,Medium,7.0,
12,6,,001d47d3-be6c-49b6-a537-048ad1d1f63d,Fruits Of Labor,MEL02,Medium,7.0,
34,6,,001d47d3-be6c-49b6-a537-048ad1d1f63d,Punch,MEL02,Small,5.0,
27,7,,001db388-eab8-4831-884f-5c48f0bb15aa,No Excuse,PER01,Medium,7.0,
2,2,AKL02-14,001ddedf-c379-49e6-8e1e-f1354a1849dd,Blended Benefits,AKL02,Small,5.0,
39,2,AKL02-14,001ddedf-c379-49e6-8e1e-f1354a1849dd,Super Squeezed,AKL02,Small,5.0,
2,6,,001e0cf9-2eb9-4de5-b2f6-f8bbe8edde30,Blended Benefits,MEL02,Large,9.0,
34,6,,001e0cf9-2eb9-4de5-b2f6-f8bbe8edde30,Punch,MEL02,Large,9.0,
37,9,,001e6699-44f8-4a69-8b91-e284de91372e,SQL Paths,WLG01,Large,9.0,
38,9,,001e6699-44f8-4a69-8b91-e284de91372e,Squeezed Sweetness,WLG01,Small,5.0,
24,9,,001e6699-44f8-4a69-8b91-e284de91372e,Jungle,WLG01,Large,9.0,
1,6,,001eb1b7-9ba2-48c9-9fcf-eda57ae87b97,ACID Sunshine,MEL02,Medium,7.0,
21,6,,001eb1b7-9ba2-48c9-9fcf-eda57ae87b97,Juicy Hydration,MEL02,Medium,7.0,
4,8,,001f64fa-3151-484a-a1c3-8bdfcdfd6344,Complete Cleanse,SYD01,Small,5.0,
34,1,,001f7af2-f41f-406a-857b-7edf9725ca75,Punch,AKL01,Medium,7.0,
29,1,,001f7af2-f41f-406a-857b-7edf9725ca75,Orange Lake,AKL01,Small,5.0,
31,1,,001f7af2-f41f-406a-857b-7edf9725ca75,Power Punch,AKL01,Small,5.0,
21,3,,001fc369-0c66-4951-af24-cd8808e0da86,Juicy Hydration,BNE02,Medium,7.0,
32,3,,001fc369-0c66-4951-af24-cd8808e0da86,Powerful Punch,BNE02,Large,9.0,
12,3,,001fc369-0c66-4951-af24-cd8808e0da86,Fruits Of Labor,BNE02,Medium,7.0,
16,3,,002059d8-234f-420e-a9ef-9fe4295c427a,Healthy Resource,BNE02,Medium,7.0,
21,3,,002059d8-234f-420e-a9ef-9fe4295c427a,Juicy Hydration,BNE02,Small,5.0,
14,3,,002059d8-234f-420e-a9ef-9fe4295c427a,Healthy,BNE02,Medium,7.0,
6,5,MEL01-787,0020be6b-27ad-491c-972e-cde254bcbd70,Drink Your Greens,MEL01,Large,9.0,
26,5,MEL01-787,0020be6b-27ad-491c-972e-cde254bcbd70,Justified,MEL01,Medium,7.0,
35,5,MEL01-787,0020be6b-27ad-491c-972e-cde254bcbd70,Rapid Reward,MEL01,Large,9.0,
4,9,WLG01-89,00210f5a-a189-4bc0-b580-a8f80b6602cf,Complete Cleanse,WLG01,Large,9.0,
32,9,WLG01-89,00210f5a-a189-4bc0-b580-a8f80b6602cf,Powerful Punch,WLG01,Small,5.0,
37,9,WLG01-56,00213df8-023e-470e-b558-63d76f36439f,SQL Paths,WLG01,Small,5.0,
25,9,WLG01-56,00213df8-023e-470e-b558-63d76f36439f,Just Juicy,WLG01,Medium,7.0,
19,1,AKL01-283,00215e2a-4a53-4413-b4a6-c68e59c0a0fb,Jeneration,AKL01,Medium,7.0,
5,1,AKL01-283,00215e2a-4a53-4413-b4a6-c68e59c0a0fb,Craze,AKL01,Large,9.0,
10,1,AKL01-283,00215e2a-4a53-4413-b4a6-c68e59c0a0fb,Fit Fuel,AKL01,Small,5.0,
28,5,MEL01-321,0022700d-308e-451b-85f7-fe33e982cd9c,Nothing To Lose,MEL01,Large,9.0,
19,5,MEL01-321,0022700d-308e-451b-85f7-fe33e982cd9c,Jeneration,MEL01,Large,9.0,
38,5,MEL01-321,0022700d-308e-451b-85f7-fe33e982cd9c,Squeezed Sweetness,MEL01,Large,9.0,
29,8,,00235bcd-dd23-47ae-974e-7a8c541f5809,Orange Lake,SYD01,Medium,7.0,
34,5,,00236183-c73d-40eb-aa00-d2c323dc9586,Punch,MEL01,Medium,7.0,
17,5,,00236183-c73d-40eb-aa00-d2c323dc9586,Hydration Station,MEL01,Medium,7.0,
36,5,MEL01-357,0023c699-3f0d-45e6-a1bc-866e82ec9421,Refreshing Reward,MEL01,Small,5.0,
18,5,MEL01-357,0023c699-3f0d-45e6-a1bc-866e82ec9421,Indulgent,MEL01,Medium,7.0,
7,5,MEL01-357,0023c699-3f0d-45e6-a1bc-866e82ec9421,Drink Your Vitamins,MEL01,Medium,7.0,
14,5,MEL01-357,0023c699-3f0d-45e6-a1bc-866e82ec9421,Healthy,MEL01,Medium,7.0,
1,2,AKL02-24,0023ecc4-778d-46df-8b0c-007e3e709b42,ACID Sunshine,AKL02,Medium,7.0,
40,2,AKL02-24,0023ecc4-778d-46df-8b0c-007e3e709b42,Tough And Tasty,AKL02,Small,5.0,
15,2,AKL02-24,0023ecc4-778d-46df-8b0c-007e3e709b42,Healthy Hydration,AKL02,Small,5.0,
3,2,AKL02-24,0023ecc4-778d-46df-8b0c-007e3e709b42,Bounty Of Benefits,AKL02,Large,9.0,
31,2,AKL02-24,0023ecc4-778d-46df-8b0c-007e3e709b42,Power Punch,AKL02,Large,9.0,
25,6,,0023fd69-8b88-492f-a4b7-02425c87b691,Just Juicy,MEL02,Small,5.0,
33,5,,0024137c-e1f0-499b-9d88-a11afb0b12f2,Pulp Power,MEL01,Small,5.0,
4,5,,0024137c-e1f0-499b-9d88-a11afb0b12f2,Complete Cleanse,MEL01,Small,5.0,
39,5,,0024137c-e1f0-499b-9d88-a11afb0b12f2,Super Squeezed,MEL01,Medium,7.0,
34,5,,0024137c-e1f0-499b-9d88-a11afb0b12f2,Punch,MEL01,Medium,7.0,
7,7,PER01-421,0024f68a-09bc-4969-ab6d-0f16be719562,Drink Your Vitamins,PER01,Medium,7.0,
6,7,PER01-421,0024f68a-09bc-4969-ab6d-0f16be719562,Drink Your Greens,PER01,Small,5.0,
13,3,,002501ca-06b4-4259-b993-2981780405a2,Get Clean,BNE02,Medium,7.0,
8,3,,002501ca-06b4-4259-b993-2981780405a2,Drinkable Vitamins,BNE02,Small,5.0,
33,2,AKL02-82,002515d7-c7e4-40ef-81d1-ab48750ec10c,Pulp Power,AKL02,Medium,7.0,
19,5,MEL01-807,00255c36-9d6b-4cb5-8334-f1baa0663ed0,Jeneration,MEL01,Small,5.0,
20,5,MEL01-807,00255c36-9d6b-4cb5-8334-f1baa0663ed0,Joyful,MEL01,Small,5.0,
14,6,,00255f22-7380-46b9-b532-75c746f8f79e,Healthy,MEL02,Medium,7.0,
12,6,,00255f22-7380-46b9-b532-75c746f8f79e,Fruits Of Labor,MEL02,Large,9.0,
29,6,,00255f22-7380-46b9-b532-75c746f8f79e,Orange Lake,MEL02,Medium,7.0,
41,3,,0025c41d-c232-4023-8b08-f2badfb39dd6,Worth The Squeeze,BNE02,Small,5.0,
3,3,,0025c41d-c232-4023-8b08-f2badfb39dd6,Bounty Of Benefits,BNE02,Medium,7.0,
8,2,AKL02-25,00268ccc-a292-43c7-8887-d9709c7ab80b,Drinkable Vitamins,AKL02,Medium,7.0,
34,2,AKL02-25,00268ccc-a292-43c7-8887-d9709c7ab80b,Punch,AKL02,Small,5.0,
16,2,AKL02-25,00268ccc-a292-43c7-8887-d9709c7ab80b,Healthy Resource,AKL02,Small,5.0,
6,6,,00272384-c28c-44d9-8217-ff8d9edb1f3f,Drink Your Greens,MEL02,Small,5.0,
2,6,,00272384-c28c-44d9-8217-ff8d9edb1f3f,Blended Benefits,MEL02,Medium,7.0,
23,6,,00272384-c28c-44d9-8217-ff8d9edb1f3f,Jumpstart,MEL02,Medium,7.0,
26,5,MEL01-386,0027f66b-54e7-4d05-a49f-d316f19fb893,Justified,MEL01,Small,5.0,
11,5,MEL01-386,0027f66b-54e7-4d05-a49f-d316f19fb893,Fruit Warehouse,MEL01,Small,5.0,
37,5,MEL01-386,0027f66b-54e7-4d05-a49f-d316f19fb893,SQL Paths,MEL01,Large,9.0,
6,3,,0027fd80-dc85-4c29-9083-dafe093dda2e,Drink Your Greens,BNE02,Large,9.0,
19,3,,0027fd80-dc85-4c29-9083-dafe093dda2e,Jeneration,BNE02,Large,9.0,
7,3,,0027fd80-dc85-4c29-9083-dafe093dda2e,Drink Your Vitamins,BNE02,Large,9.0,
33,8,SYD01-180,0028570b-5a22-4d2f-94de-a194587c77c3,Pulp Power,SYD01,Small,5.0,
4,8,SYD01-180,0028570b-5a22-4d2f-94de-a194587c77c3,Complete Cleanse,SYD01,Large,9.0,
16,4,,00285f92-ba88-44c3-98a8-058ee2e9d8da,Healthy Resource,CBR01,Medium,7.0,
28,4,,00285f92-ba88-44c3-98a8-058ee2e9d8da,Nothing To Lose,CBR01,Small,5.0,
30,6,,0028842d-57eb-4c20-af47-d46003365c26,Packed Punch,MEL02,Medium,7.0,
18,8,,0028b13e-fee1-461f-b6d6-cc45e2a1ea3d,Indulgent,SYD01,Small,5.0,
3,8,,0028b13e-fee1-461f-b6d6-cc45e2a1ea3d,Bounty Of Benefits,SYD01,Small,5.0,
17,8,,0028b13e-fee1-461f-b6d6-cc45e2a1ea3d,Hydration Station,SYD01,Medium,7.0,
25,8,,0028b13e-fee1-461f-b6d6-cc45e2a1ea3d,Just Juicy,SYD01,Large,9.0,
23,9,WLG01-25,0028ffd7-814c-4631-bbe8-494b4a79dd5d,Jumpstart,WLG01,Small,5.0,
5,9,WLG01-25,0028ffd7-814c-4631-bbe8-494b4a79dd5d,Craze,WLG01,Small,5.0,
33,9,WLG01-25,0028ffd7-814c-4631-bbe8-494b4a79dd5d,Pulp Power,WLG01,Large,9.0,
11,9,WLG01-25,0028ffd7-814c-4631-bbe8-494b4a79dd5d,Fruit Warehouse,WLG01,Medium,7.0,
30,3,,002900ef-5411-4b3a-bc17-d4eb7c448926,Packed Punch,BNE02,Medium,7.0,
23,3,,002900ef-5411-4b3a-bc17-d4eb7c448926,Jumpstart,BNE02,Medium,7.0,
23,3,,002900ef-5411-4b3a-bc17-d4eb7c448926,Jumpstart,BNE02,Small,5.0,
14,1,,002914dd-5217-4abc-b1ba-1e7c57e3c264,Healthy,AKL01,Large,9.0,
12,1,,002914dd-5217-4abc-b1ba-1e7c57e3c264,Fruits Of Labor,AKL01,Medium,7.0,
16,1,,002914dd-5217-4abc-b1ba-1e7c57e3c264,Healthy Resource,AKL01,Medium,7.0,
16,1,,002914dd-5217-4abc-b1ba-1e7c57e3c264,Healthy Resource,AKL01,Small,5.0,
31,3,,00297d77-d1ed-4aeb-94b4-a206b2a1f9ae,Power Punch,BNE02,Medium,7.0,
40,3,,00297d77-d1ed-4aeb-94b4-a206b2a1f9ae,Tough And Tasty,BNE02,Large,9.0,
8,3,,00297d77-d1ed-4aeb-94b4-a206b2a1f9ae,Drinkable Vitamins,BNE02,Small,5.0,
23,3,,00299aae-db27-41fc-b20e-e8781b082e00,Jumpstart,BNE02,Large,9.0,
2,3,,00299aae-db27-41fc-b20e-e8781b082e00,Blended Benefits,BNE02,Large,9.0,
2,9,,002ad432-4d9c-4bc3-a0f1-e3602df2161a,Blended Benefits,WLG01,Medium,7.0,
6,9,,002ad432-4d9c-4bc3-a0f1-e3602df2161a,Drink Your Greens,WLG01,Small,5.0,
25,9,,002ad432-4d9c-4bc3-a0f1-e3602df2161a,Just Juicy,WLG01,Medium,7.0,
3,7,,002b11a4-6291-47f9-9972-c697eb204d37,Bounty Of Benefits,PER01,Large,9.0,
30,7,,002b11a4-6291-47f9-9972-c697eb204d37,Packed Punch,PER01,Medium,7.0,
41,7,,002b11a4-6291-47f9-9972-c697eb204d37,Worth The Squeeze,PER01,Medium,7.0,
8,7,,002b11a4-6291-47f9-9972-c697eb204d37,Drinkable Vitamins,PER01,Large,9.0,
20,5,MEL01-438,002b5bde-5c22-4f1d-a9f6-29346e1870dd,Joyful,MEL01,Small,5.0,
30,5,MEL01-438,002b5bde-5c22-4f1d-a9f6-29346e1870dd,Packed Punch,MEL01,Large,9.0,
31,5,MEL01-438,002b5bde-5c22-4f1d-a9f6-29346e1870dd,Power Punch,MEL01,Large,9.0,
16,5,,002bb1ee-d704-49d1-a9b7-0de615deab5b,Healthy Resource,MEL01,Large,9.0,
6,5,,002bb1ee-d704-49d1-a9b7-0de615deab5b,Drink Your Greens,MEL01,Medium,7.0,
29,5,,002bb1ee-d704-49d1-a9b7-0de615deab5b,Orange Lake,MEL01,Large,9.0,
24,5,,002bed0d-75c7-49ca-95e1-466fe48fe7c0,Jungle,MEL01,Small,5.0,
38,5,,002bed0d-75c7-49ca-95e1-466fe48fe7c0,Squeezed Sweetness,MEL01,Large,9.0,
28,5,,002bed0d-75c7-49ca-95e1-466fe48fe7c0,Nothing To Lose,MEL01,Large,9.0,
30,5,,002bed0d-75c7-49ca-95e1-466fe48fe7c0,Packed Punch,MEL01,Large,9.0,
28,3,BNE02-84,002c099d-a246-4e14-a8b3-3c0d6511a062,Nothing To Lose,BNE02,Medium,7.0,
23,3,BNE02-84,002c099d-a246-4e14-a8b3-3c0d6511a062,Jumpstart,BNE02,Medium,7.0,
8,3,BNE02-84,002c099d-a246-4e14-a8b3-3c0d6511a062,Drinkable Vitamins,BNE02,Medium,7.0,
16,8,SYD01-369,002c84b0-5e85-4253-957e-70b8d4985ddf,Healthy Resource,SYD01,Small,5.0,
40,8,SYD01-369,002c84b0-5e85-4253-957e-70b8d4985ddf,Tough And Tasty,SYD01,Large,9.0,
13,6,,002cccc2-c1d3-4e18-91e4-3afbd87057e7,Get Clean,MEL02,Large,9.0,
37,6,,002cccc2-c1d3-4e18-91e4-3afbd87057e7,SQL Paths,MEL02,Medium,7.0,
1,6,,002cccc2-c1d3-4e18-91e4-3afbd87057e7,ACID Sunshine,MEL02,Large,9.0,
33,6,,002cccc2-c1d3-4e18-91e4-3afbd87057e7,Pulp Power,MEL02,Large,9.0,
20,4,CBR01-7,002d6ee6-f45f-41d9-902a-b71026d0403b,Joyful,CBR01,Large,9.0,
3,6,,002d84f7-d06d-4370-849d-86487c06bcf5,Bounty Of Benefits,MEL02,Small,5.0,
15,6,,002d84f7-d06d-4370-849d-86487c06bcf5,Healthy Hydration,MEL02,Small,5.0,
36,6,,002d84f7-d06d-4370-849d-86487c06bcf5,Refreshing Reward,MEL02,Large,9.0,
13,6,,002d84f7-d06d-4370-849d-86487c06bcf5,Get Clean,MEL02,Small,5.0,
1,5,,002da505-e959-4cd1-a9ab-0fe1c1a32590,ACID Sunshine,MEL01,Large,9.0,
13,5,,002da6b3-a7d9-4ea3-9a32-83d0fe867f51,Get Clean,MEL01,Medium,7.0,
9,5,,002da6b3-a7d9-4ea3-9a32-83d0fe867f51,Fit Drink,MEL01,Medium,7.0,
20,5,,002da6b3-a7d9-4ea3-9a32-83d0fe867f51,Joyful,MEL01,Medium,7.0,
15,5,,002db9e4-c430-4c28-9994-183382206026,Healthy Hydration,MEL01,Small,5.0,
36,9,WLG01-412,002dcd3c-6a57-4c78-94e2-cb8e9495f47c,Refreshing Reward,WLG01,Medium,7.0,
25,9,WLG01-245,002df6e8-0ec8-4f03-bf7a-4a0d599b2715,Just Juicy,WLG01,Small,5.0,
11,9,WLG01-245,002df6e8-0ec8-4f03-bf7a-4a0d599b2715,Fruit Warehouse,WLG01,Medium,7.0,
19,9,WLG01-245,002df6e8-0ec8-4f03-bf7a-4a0d599b2715,Jeneration,WLG01,Large,9.0,
4,1,AKL01-92,002e34ca-4a4a-4aa0-a627-ed62a4fc3722,Complete Cleanse,AKL01,Medium,7.0,
1,8,,002e3cc9-cf64-40a0-842f-6802e7ed44d5,ACID Sunshine,SYD01,Small,5.0,
4,8,,002e3cc9-cf64-40a0-842f-6802e7ed44d5,Complete Cleanse,SYD01,Large,9.0,
21,8,,002e3cc9-cf64-40a0-842f-6802e7ed44d5,Juicy Hydration,SYD01,Medium,7.0,
37,9,WLG01-284,002e4b75-e006-4558-91c3-88abcd03178e,SQL Paths,WLG01,Large,9.0,
7,9,WLG01-284,002e4b75-e006-4558-91c3-88abcd03178e,Drink Your Vitamins,WLG01,Large,9.0,
8,6,,002eb9d5-f381-43a7-a7d0-69f4f531e5b9,Drinkable Vitamins,MEL02,Small,5.0,
31,6,,002eb9d5-f381-43a7-a7d0-69f4f531e5b9,Power Punch,MEL02,Large,9.0,
1,6,,002eb9d5-f381-43a7-a7d0-69f4f531e5b9,ACID Sunshine,MEL02,Large,9.0,
38,6,,002eb9d5-f381-43a7-a7d0-69f4f531e5b9,Squeezed Sweetness,MEL02,Small,5.0,
25,6,,002eb9d5-f381-43a7-a7d0-69f4f531e5b9,Just Juicy,MEL02,Large,9.0,
7,7,PER01-148,002f5aba-e5f4-4209-bf56-0556b97999ba,Drink Your Vitamins,PER01,Large,9.0,
2,7,PER01-148,002f5aba-e5f4-4209-bf56-0556b97999ba,Blended Benefits,PER01,Large,9.0,
9,3,,002fcd1e-878f-4d50-bcd0-27c50613f2db,Fit Drink,BNE02,Small,5.0,
37,3,,002fcd1e-878f-4d50-bcd0-27c50613f2db,SQL Paths,BNE02,Small,5.0,
19,3,,002fcd1e-878f-4d50-bcd0-27c50613f2db,Jeneration,BNE02,Large,9.0,
27,3,,002fcd1e-878f-4d50-bcd0-27c50613f2db,No Excuse,BNE02,Medium,7.0,
36,9,WLG01-42,0030547b-b267-44b9-87c4-f5e4ac10053d,Refreshing Reward,WLG01,Small,5.0,
38,1,,00307608-d75d-431b-a383-c90aa668cf90,Squeezed Sweetness,AKL01,Large,9.0,
35,1,,00307608-d75d-431b-a383-c90aa668cf90,Rapid Reward,AKL01,Small,5.0,
12,1,,00307608-d75d-431b-a383-c90aa668cf90,Fruits Of Labor,AKL01,Medium,7.0,
33,1,,00307608-d75d-431b-a383-c90aa668cf90,Pulp Power,AKL01,Large,9.0,
32,5,MEL01-433,0030c6be-ef3a-4331-8342-c3247f658c61,Powerful Punch,MEL01,Medium,7.0,
26,6,,003130b4-f2f6-4e56-b78c-a20a283bafb7,Justified,MEL02,Small,5.0,
20,6,,00313624-32fa-411c-8c71-e9ada56e1180,Joyful,MEL02,Small,5.0,
24,6,,00313624-32fa-411c-8c71-e9ada56e1180,Jungle,MEL02,Large,9.0,
36,6,,00313624-32fa-411c-8c71-e9ada56e1180,Refreshing Reward,MEL02,Large,9.0,
24,1,AKL01-374,0031cdd9-61ac-4965-845d-8fad0cafc6cf,Jungle,AKL01,Small,5.0,
29,1,,0031d04d-c757-40f5-85cd-6a7f01cd11c6,Orange Lake,AKL01,Large,9.0,
3,1,,0031d04d-c757-40f5-85cd-6a7f01cd11c6,Bounty Of Benefits,AKL01,Large,9.0,
32,1,,0031d04d-c757-40f5-85cd-6a7f01cd11c6,Powerful Punch,AKL01,Medium,7.0,
14,1,,0031d04d-c757-40f5-85cd-6a7f01cd11c6,Healthy,AKL01,Large,9.0,
39,3,,0031e157-0b34-4f55-b5b0-4a3331fd396a,Super Squeezed,BNE02,Large,9.0,
27,3,,0031e157-0b34-4f55-b5b0-4a3331fd396a,No Excuse,BNE02,Medium,7.0,
2,3,,0031e157-0b34-4f55-b5b0-4a3331fd396a,Blended Benefits,BNE02,Small,5.0,
13,4,CBR01-15,00324b07-3bed-4d8d-81c0-60553d70c35f,Get Clean,CBR01,Large,9.0,
5,4,CBR01-15,00324b07-3bed-4d8d-81c0-60553d70c35f,Craze,CBR01,Large,9.0,
32,4,CBR01-15,00324b07-3bed-4d8d-81c0-60553d70c35f,Powerful Punch,CBR01,Medium,7.0,
23,4,CBR01-15,00324b07-3bed-4d8d-81c0-60553d70c35f,Jumpstart,CBR01,Medium,7.0,
17,6,,0032bf64-ecaf-45c3-8b23-8c42460dc7eb,Hydration Station,MEL02,Medium,7.0,
37,6,,0032bf64-ecaf-45c3-8b23-8c42460dc7eb,SQL Paths,MEL02,Large,9.0,
17,6,,0032bf64-ecaf-45c3-8b23-8c42460dc7eb,Hydration Station,MEL02,Medium,7.0,
24,8,SYD01-24,0032c1e6-9ee5-4ce1-a9eb-7f544ad91113,Jungle,SYD01,Large,9.0,
24,8,SYD01-24,0032c1e6-9ee5-4ce1-a9eb-7f544ad91113,Jungle,SYD01,Large,9.0,
30,8,SYD01-24,0032c1e6-9ee5-4ce1-a9eb-7f544ad91113,Packed Punch,SYD01,Medium,7.0,
8,8,SYD01-24,0032c1e6-9ee5-4ce1-a9eb-7f544ad91113,Drinkable Vitamins,SYD01,Large,9.0,
22,8,,0032d5a7-fc4c-4b24-ac04-a9be19b943a0,Jumble,SYD01,Large,9.0,
35,8,,0032d5a7-fc4c-4b24-ac04-a9be19b943a0,Rapid Reward,SYD01,Small,5.0,
36,8,,0032d5a7-fc4c-4b24-ac04-a9be19b943a0,Refreshing Reward,SYD01,Large,9.0,
40,8,,0032d5a7-fc4c-4b24-ac04-a9be19b943a0,Tough And Tasty,SYD01,Large,9.0,
17,8,,0032d5a7-fc4c-4b24-ac04-a9be19b943a0,Hydration Station,SYD01,Small,5.0,
5,8,,003322cf-33d4-40cf-859a-86aaeaad4765,Craze,SYD01,Small,5.0,
36,8,,003322cf-33d4-40cf-859a-86aaeaad4765,Refreshing Reward,SYD01,Medium,7.0,
6,8,,003322cf-33d4-40cf-859a-86aaeaad4765,Drink Your Greens,SYD01,Medium,7.0,
8,3,,003334ee-af2d-459a-b29a-58db5727b82d,Drinkable Vitamins,BNE02,Medium,7.0,
23,3,,003334ee-af2d-459a-b29a-58db5727b82d,Jumpstart,BNE02,Small,5.0,
14,7,,0033738a-592e-4374-8792-2e2ef1e6c20e,Healthy,PER01,Medium,7.0,
38,7,,0033738a-592e-4374-8792-2e2ef1e6c20e,Squeezed Sweetness,PER01,Large,9.0,
3,4,CBR01-136,003394c1-cb15-48fb-9b65-2293301f5d35,Bounty Of Benefits,CBR01,Small,5.0,
27,4,CBR01-136,003394c1-cb15-48fb-9b65-2293301f5d35,No Excuse,CBR01,Large,9.0,
41,4,CBR01-136,003394c1-cb15-48fb-9b65-2293301f5d35,Worth The Squeeze,CBR01,Small,5.0,
41,7,,003398e2-130f-45fc-81e5-3ae91dcd9b03,Worth The Squeeze,PER01,Small,5.0,
37,7,,003398e2-130f-45fc-81e5-3ae91dcd9b03,SQL Paths,PER01,Medium,7.0,
37,7,,003398e2-130f-45fc-81e5-3ae91dcd9b03,SQL Paths,PER01,Medium,7.0,
22,5,,0033ad6a-9f30-4f45-a962-d7bf9c7c1b69,Jumble,MEL01,Small,5.0,
23,5,,0033ad6a-9f30-4f45-a962-d7bf9c7c1b69,Jumpstart,MEL01,Large,9.0,
20,5,,0033ad6a-9f30-4f45-a962-d7bf9c7c1b69,Joyful,MEL01,Medium,7.0,
31,5,,0033ad6a-9f30-4f45-a962-d7bf9c7c1b69,Power Punch,MEL01,Small,5.0,
10,7,PER01-191,0033ff8b-cb00-42f8-a918-dee16b9ee3de,Fit Fuel,PER01,Large,9.0,
31,7,PER01-191,0033ff8b-cb00-42f8-a918-dee16b9ee3de,Power Punch,PER01,Small,5.0,
7,8,SYD01-685,003539ce-e3e0-4632-ad54-d76dd62e10a0,Drink Your Vitamins,SYD01,Large,9.0,
3,8,SYD01-685,003539ce-e3e0-4632-ad54-d76dd62e10a0,Bounty Of Benefits,SYD01,Medium,7.0,
29,6,,00356c9a-7a9a-445e-84ca-e75a46fdc7b6,Orange Lake,MEL02,Large,9.0,
30,6,,00356c9a-7a9a-445e-84ca-e75a46fdc7b6,Packed Punch,MEL02,Medium,7.0,
18,6,,00356c9a-7a9a-445e-84ca-e75a46fdc7b6,Indulgent,MEL02,Medium,7.0,
32,6,,00356c9a-7a9a-445e-84ca-e75a46fdc7b6,Powerful Punch,MEL02,Large,9.0,
39,6,,0035f974-b71c-411f-80b0-33401d1f14aa,Super Squeezed,MEL02,Large,9.0,
7,3,,003617d0-6f77-4b74-a088-02f083a30f41,Drink Your Vitamins,BNE02,Small,5.0,
39,3,,003617d0-6f77-4b74-a088-02f083a30f41,Super Squeezed,BNE02,Medium,7.0,
24,3,,003617d0-6f77-4b74-a088-02f083a30f41,Jungle,BNE02,Medium,7.0,
24,5,MEL01-302,0036371e-e7e2-41ff-bb21-7334801beaca,Jungle,MEL01,Medium,7.0,
20,5,MEL01-302,0036371e-e7e2-41ff-bb21-7334801beaca,Joyful,MEL01,Small,5.0,
30,8,,00364e3c-9efd-47da-9e35-36096ce28467,Packed Punch,SYD01,Medium,7.0,
36,8,,00364e3c-9efd-47da-9e35-36096ce28467,Refreshing Reward,SYD01,Large,9.0,
29,8,,00364e3c-9efd-47da-9e35-36096ce28467,Orange Lake,SYD01,Large,9.0,
38,8,,00368c0a-90b6-4d52-8ef9-6725eca4956b,Squeezed Sweetness,SYD01,Medium,7.0,
3,8,,00368c0a-90b6-4d52-8ef9-6725eca4956b,Bounty Of Benefits,SYD01,Large,9.0,
23,8,,00368c0a-90b6-4d52-8ef9-6725eca4956b,Jumpstart,SYD01,Large,9.0,
32,8,,00368c0a-90b6-4d52-8ef9-6725eca4956b,Powerful Punch,SYD01,Medium,7.0,
32,8,,00368c0a-90b6-4d52-8ef9-6725eca4956b,Powerful Punch,SYD01,Medium,7.0,
2,3,,003706b4-f5c7-469b-9a1f-e9260b1656ca,Blended Benefits,BNE02,Small,5.0,
16,3,,003706b4-f5c7-469b-9a1f-e9260b1656ca,Healthy Resource,BNE02,Medium,7.0,
13,3,,003706b4-f5c7-469b-9a1f-e9260b1656ca,Get Clean,BNE02,Large,9.0,
20,6,,00373e42-d048-49a7-94b6-484cdc4109e3,Joyful,MEL02,Medium,7.0,
33,3,,00374993-88d5-4ac3-a3dd-64ed671ff377,Pulp Power,BNE02,Medium,7.0,
4,3,,00374993-88d5-4ac3-a3dd-64ed671ff377,Complete Cleanse,BNE02,Small,5.0,
33,3,,00374993-88d5-4ac3-a3dd-64ed671ff377,Pulp Power,BNE02,Small,5.0,
26,3,,0037cab9-55b0-457a-91ac-332117e294fd,Justified,BNE02,Small,5.0,
39,3,,0037cab9-55b0-457a-91ac-332117e294fd,Super Squeezed,BNE02,Small,5.0,
25,4,,0037cb4b-56b2-4a67-b2c8-eff1a6e23e3b,Just Juicy,CBR01,Small,5.0,
18,4,,0037cb4b-56b2-4a67-b2c8-eff1a6e23e3b,Indulgent,CBR01,Large,9.0,
19,4,,0037cb4b-56b2-4a67-b2c8-eff1a6e23e3b,Jeneration,CBR01,Medium,7.0,
8,4,,0037cb4b-56b2-4a67-b2c8-eff1a6e23e3b,Drinkable Vitamins,CBR01,Medium,7.0,
21,3,,0037d536-dc5a-4456-bc65-1c4385779ab9,Juicy Hydration,BNE02,Medium,7.0,
12,6,,00380f5e-ec77-4bd8-8aba-84bcff3bc616,Fruits Of Labor,MEL02,Medium,7.0,
41,6,,00380f5e-ec77-4bd8-8aba-84bcff3bc616,Worth The Squeeze,MEL02,Medium,7.0,
41,6,,00380f5e-ec77-4bd8-8aba-84bcff3bc616,Worth The Squeeze,MEL02,Large,9.0,
23,6,,00380f5e-ec77-4bd8-8aba-84bcff3bc616,Jumpstart,MEL02,Small,5.0,
25,1,AKL01-105,003848bd-58c4-44b2-9031-77b523d29c35,Just Juicy,AKL01,Large,9.0,
7,1,AKL01-105,003848bd-58c4-44b2-9031-77b523d29c35,Drink Your Vitamins,AKL01,Medium,7.0,
14,2,AKL02-13,00387b86-10dd-4643-bdd7-24656486e056,Healthy,AKL02,Small,5.0,
39,9,WLG01-342,00388efc-3c0a-46a3-a553-7e6662973fe6,Super Squeezed,WLG01,Medium,7.0,
41,9,WLG01-342,00388efc-3c0a-46a3-a553-7e6662973fe6,Worth The Squeeze,WLG01,Large,9.0,
22,9,WLG01-342,00388efc-3c0a-46a3-a553-7e6662973fe6,Jumble,WLG01,Small,5.0,
32,5,,00397462-b597-4bd6-af21-9815f81361f8,Powerful Punch,MEL01,Large,9.0,
5,5,,00397462-b597-4bd6-af21-9815f81361f8,Craze,MEL01,Medium,7.0,
12,5,,00397462-b597-4bd6-af21-9815f81361f8,Fruits Of Labor,MEL01,Medium,7.0,
12,3,,0039b1b0-7c17-4e89-a77f-cb7c0816e037,Fruits Of Labor,BNE02,Medium,7.0,
17,3,,0039b1b0-7c17-4e89-a77f-cb7c0816e037,Hydration Station,BNE02,Small,5.0,
4,1,,0039b781-1b2d-404a-af66-e2019b379e7b,Complete Cleanse,AKL01,Medium,7.0,
35,8,,0039d241-8897-451c-8df7-f4e5c2fb10bf,Rapid Reward,SYD01,Small,5.0,
32,8,,0039d241-8897-451c-8df7-f4e5c2fb10bf,Powerful Punch,SYD01,Small,5.0,
38,6,,0039d708-025d-4b8f-80ee-5f24b362054c,Squeezed Sweetness,MEL02,Large,9.0,
41,6,,0039d708-025d-4b8f-80ee-5f24b362054c,Worth The Squeeze,MEL02,Small,5.0,
5,6,,0039d708-025d-4b8f-80ee-5f24b362054c,Craze,MEL02,Large,9.0,
4,5,MEL01-628,003a316f-ee6f-4c92-b340-f4d13272790d,Complete Cleanse,MEL01,Small,5.0,
36,5,MEL01-628,003a316f-ee6f-4c92-b340-f4d13272790d,Refreshing Reward,MEL01,Large,9.0,
4,5,MEL01-628,003a316f-ee6f-4c92-b340-f4d13272790d,Complete Cleanse,MEL01,Large,9.0,
2,5,MEL01-628,003a316f-ee6f-4c92-b340-f4d13272790d,Blended Benefits,MEL01,Medium,7.0,
5,8,,003a33bf-4f81-4d8c-8d78-1d5cc61b516a,Craze,SYD01,Medium,7.0,
41,8,,003a33bf-4f81-4d8c-8d78-1d5cc61b516a,Worth The Squeeze,SYD01,Medium,7.0,
23,6,,003a39ad-d741-44e4-b4e3-39ce2cd01d58,Jumpstart,MEL02,Small,5.0,
2,6,,003a4657-7f10-47a0-b9d1-99a2c1fafc04,Blended Benefits,MEL02,Large,9.0,
4,6,,003a4657-7f10-47a0-b9d1-99a2c1fafc04,Complete Cleanse,MEL02,Small,5.0,
24,9,WLG01-761,003a599f-01fe-457c-9d99-b570e1f105c9,Jungle,WLG01,Small,5.0,
3,9,WLG01-761,003a599f-01fe-457c-9d99-b570e1f105c9,Bounty Of Benefits,WLG01,Small,5.0,
40,9,WLG01-761,003a599f-01fe-457c-9d99-b570e1f105c9,Tough And Tasty,WLG01,Small,5.0,
32,9,WLG01-761,003a599f-01fe-457c-9d99-b570e1f105c9,Powerful Punch,WLG01,Small,5.0,
33,9,WLG01-761,003a599f-01fe-457c-9d99-b570e1f105c9,Pulp Power,WLG01,Large,9.0,
32,7,PER01-425,003a6892-7808-42ab-ae92-f96872bcb3b7,Powerful Punch,PER01,Medium,7.0,
3,7,PER01-425,003a6892-7808-42ab-ae92-f96872bcb3b7,Bounty Of Benefits,PER01,Large,9.0,
41,7,PER01-425,003a6892-7808-42ab-ae92-f96872bcb3b7,Worth The Squeeze,PER01,Medium,7.0,
34,5,,003a8f0c-f500-4267-85b6-715ab3ad68c8,Punch,MEL01,Large,9.0,
31,5,,003a8f0c-f500-4267-85b6-715ab3ad68c8,Power Punch,MEL01,Large,9.0,
8,5,,003a8f0c-f500-4267-85b6-715ab3ad68c8,Drinkable Vitamins,MEL01,Medium,7.0,
31,3,,003ab771-83fb-48f3-9a51-43583d6831be,Power Punch,BNE02,Medium,7.0,
24,3,,003ab771-83fb-48f3-9a51-43583d6831be,Jungle,BNE02,Large,9.0,
10,8,,003adb21-2270-4400-b031-2729cecff354,Fit Fuel,SYD01,Large,9.0,
4,8,SYD01-713,003d0d64-d495-499b-8df4-3c8f1d96598a,Complete Cleanse,SYD01,Small,5.0,
13,8,SYD01-713,003d0d64-d495-499b-8df4-3c8f1d96598a,Get Clean,SYD01,Medium,7.0,
15,8,SYD01-713,003d0d64-d495-499b-8df4-3c8f1d96598a,Healthy Hydration,SYD01,Medium,7.0,
30,5,,003d2ed6-a273-4271-9862-8e112190498b,Packed Punch,MEL01,Large,9.0,
28,5,,003d2ed6-a273-4271-9862-8e112190498b,Nothing To Lose,MEL01,Small,5.0,
33,5,,003d2ed6-a273-4271-9862-8e112190498b,Pulp Power,MEL01,Small,5.0,
34,1,,003d389f-fa16-494d-b3e3-ea13f6b9abae,Punch,AKL01,Medium,7.0,
20,1,,003d389f-fa16-494d-b3e3-ea13f6b9abae,Joyful,AKL01,Medium,7.0,
21,1,,003d389f-fa16-494d-b3e3-ea13f6b9abae,Juicy Hydration,AKL01,Large,9.0,
5,1,,003d389f-fa16-494d-b3e3-ea13f6b9abae,Craze,AKL01,Small,5.0,
23,8,SYD01-160,003d47a3-e7b6-46ff-ab9a-80524239ada1,Jumpstart,SYD01,Small,5.0,
28,5,MEL01-289,003e0fe4-6e52-40bd-be66-874a26fcf669,Nothing To Lose,MEL01,Small,5.0,
21,5,MEL01-289,003e0fe4-6e52-40bd-be66-874a26fcf669,Juicy Hydration,MEL01,Large,9.0,
21,7,,003e1792-71a0-4c8a-b439-82adabce6fbb,Juicy Hydration,PER01,Medium,7.0,
21,7,,003e1792-71a0-4c8a-b439-82adabce6fbb,Juicy Hydration,PER01,Medium,7.0,
19,7,,003e1792-71a0-4c8a-b439-82adabce6fbb,Jeneration,PER01,Medium,7.0,
17,7,,003e1792-71a0-4c8a-b439-82adabce6fbb,Hydration Station,PER01,Medium,7.0,
10,7,,003e1792-71a0-4c8a-b439-82adabce6fbb,Fit Fuel,PER01,Large,9.0,
12,7,,003e3d89-f87e-4328-ae18-398f6739403a,Fruits Of Labor,PER01,Large,9.0,
29,7,,003e3d89-f87e-4328-ae18-398f6739403a,Orange Lake,PER01,Medium,7.0,
16,7,,003e3d89-f87e-4328-ae18-398f6739403a,Healthy Resource,PER01,Large,9.0,
33,7,,003e3d89-f87e-4328-ae18-398f6739403a,Pulp Power,PER01,Large,9.0,
12,8,,003e4d10-71e0-4893-8125-2fc46a834e25,Fruits Of Labor,SYD01,Large,9.0,
18,9,,003eb3c1-1cf7-4e7f-9626-2c29012049a3,Indulgent,WLG01,Small,5.0,
30,9,,003eb3c1-1cf7-4e7f-9626-2c29012049a3,Packed Punch,WLG01,Large,9.0,
35,9,,003eb3c1-1cf7-4e7f-9626-2c29012049a3,Rapid Reward,WLG01,Small,5.0,
21,9,,003eb3c1-1cf7-4e7f-9626-2c29012049a3,Juicy Hydration,WLG01,Medium,7.0,
30,7,PER01-126,003ec172-c1fc-46c6-b4fe-b894e6404b31,Packed Punch,PER01,Large,9.0,
38,7,PER01-126,003ec172-c1fc-46c6-b4fe-b894e6404b31,Squeezed Sweetness,PER01,Medium,7.0,
20,7,PER01-126,003ec172-c1fc-46c6-b4fe-b894e6404b31,Joyful,PER01,Small,5.0,
25,5,MEL01-104,003ec315-46d5-4467-8ac4-48043f09b235,Just Juicy,MEL01,Large,9.0,
40,8,SYD01-699,003ee51c-86ac-4657-81b6-08d8b39235ca,Tough And Tasty,SYD01,Small,5.0,
13,8,SYD01-699,003ee51c-86ac-4657-81b6-08d8b39235ca,Get Clean,SYD01,Small,5.0,
5,8,SYD01-699,003ee51c-86ac-4657-81b6-08d8b39235ca,Craze,SYD01,Large,9.0,
31,8,SYD01-699,003ee51c-86ac-4657-81b6-08d8b39235ca,Power Punch,SYD01,Large,9.0,
28,8,SYD01-699,003ee51c-86ac-4657-81b6-08d8b39235ca,Nothing To Lose,SYD01,Large,9.0,
41,9,WLG01-515,003eec33-e12e-4753-ae59-c696594933d6,Worth The Squeeze,WLG01,Small,5.0,
31,9,WLG01-515,003eec33-e12e-4753-ae59-c696594933d6,Power Punch,WLG01,Large,9.0,
32,8,SYD01-57,003f82be-0ff0-41a4-bd27-46cdc1471cf9,Powerful Punch,SYD01,Medium,7.0,
36,8,SYD01-57,003f82be-0ff0-41a4-bd27-46cdc1471cf9,Refreshing Reward,SYD01,Large,9.0,
5,8,SYD01-57,003f82be-0ff0-41a4-bd27-46cdc1471cf9,Craze,SYD01,Small,5.0,
32,8,SYD01-57,003f82be-0ff0-41a4-bd27-46cdc1471cf9,Powerful Punch,SYD01,Large,9.0,
23,8,,00416614-a837-4e19-b9df-c47d64d174cd,Jumpstart,SYD01,Small,5.0,
18,3,,0041689d-9ff3-4542-83d4-441638f673d2,Indulgent,BNE02,Large,9.0,
10,3,,0041689d-9ff3-4542-83d4-441638f673d2,Fit Fuel,BNE02,Medium,7.0,
17,3,,0041689d-9ff3-4542-83d4-441638f673d2,Hydration Station,BNE02,Small,5.0,
27,3,,0041689d-9ff3-4542-83d4-441638f673d2,No Excuse,BNE02,Large,9.0,
31,3,,0041d83c-89ca-43a0-beee-beecfdb9e1e7,Power Punch,BNE02,Large,9.0,
41,3,,0041d83c-89ca-43a0-beee-beecfdb9e1e7,Worth The Squeeze,BNE02,Large,9.0,
13,1,,0041f611-b407-4d63-8f5a-9474cc04d858,Get Clean,AKL01,Medium,7.0,
32,9,WLG01-123,0041fa84-1571-43d7-8c1d-b2f8a91946e0,Powerful Punch,WLG01,Medium,7.0,
38,9,WLG01-123,0041fa84-1571-43d7-8c1d-b2f8a91946e0,Squeezed Sweetness,WLG01,Large,9.0,
24,9,WLG01-123,0041fa84-1571-43d7-8c1d-b2f8a91946e0,Jungle,WLG01,Small,5.0,
10,4,,004207bf-9ac1-448c-aa62-3d923ece8e80,Fit Fuel,CBR01,Large,9.0,
3,4,,004207bf-9ac1-448c-aa62-3d923ece8e80,Bounty Of Benefits,CBR01,Medium,7.0,
8,4,,004207bf-9ac1-448c-aa62-3d923ece8e80,Drinkable Vitamins,CBR01,Large,9.0,
40,4,,004207bf-9ac1-448c-aa62-3d923ece8e80,Tough And Tasty,CBR01,Large,9.0,
30,8,SYD01-740,00425cc4-6f7d-4d5a-af56-5425a6289537,Packed Punch,SYD01,Medium,7.0,
15,8,SYD01-740,00425cc4-6f7d-4d5a-af56-5425a6289537,Healthy Hydration,SYD01,Medium,7.0,
25,8,SYD01-740,00425cc4-6f7d-4d5a-af56-5425a6289537,Just Juicy,SYD01,Large,9.0,
31,8,SYD01-740,00425cc4-6f7d-4d5a-af56-5425a6289537,Power Punch,SYD01,Large,9.0,
28,7,PER01-268,0042630d-b966-4c11-8ea7-9f63e41192b0,Nothing To Lose,PER01,Medium,7.0,
20,7,PER01-268,0042630d-b966-4c11-8ea7-9f63e41192b0,Joyful,PER01,Small,5.0,
26,7,PER01-268,0042630d-b966-4c11-8ea7-9f63e41192b0,Justified,PER01,Medium,7.0,
16,3,BNE02-5,0042c976-26d7-4b86-8d33-5dbb74e1852d,Healthy Resource,BNE02,Small,5.0,
15,3,BNE02-5,0042c976-26d7-4b86-8d33-5dbb74e1852d,Healthy Hydration,BNE02,Large,9.0,
36,3,BNE02-5,0042c976-26d7-4b86-8d33-5dbb74e1852d,Refreshing Reward,BNE02,Large,9.0,
18,3,BNE02-5,0042c976-26d7-4b86-8d33-5dbb74e1852d,Indulgent,BNE02,Large,9.0,
5,8,,00432f75-472c-4396-b5f5-660824ba22c0,Craze,SYD01,Medium,7.0,
27,8,,00432f75-472c-4396-b5f5-660824ba22c0,No Excuse,SYD01,Medium,7.0,
8,2,,00435909-f519-48a2-b1db-360f6d88f4a7,Drinkable Vitamins,AKL02,Small,5.0,
12,3,,004378bb-05a1-4651-a6fc-977879abd5f4,Fruits Of Labor,BNE02,Large,9.0,
14,3,,004378bb-05a1-4651-a6fc-977879abd5f4,Healthy,BNE02,Small,5.0,
26,8,SYD01-66,0044b705-a58c-4b2d-a8f4-ca7a87c45922,Justified,SYD01,Medium,7.0,
3,8,SYD01-66,0044b705-a58c-4b2d-a8f4-ca7a87c45922,Bounty Of Benefits,SYD01,Large,9.0,
31,8,SYD01-66,0044b705-a58c-4b2d-a8f4-ca7a87c45922,Power Punch,SYD01,Medium,7.0,
4,1,,0044f386-8653-4978-bb8d-2817b22111c5,Complete Cleanse,AKL01,Medium,7.0,
21,1,,0044f386-8653-4978-bb8d-2817b22111c5,Juicy Hydration,AKL01,Medium,7.0,
13,1,,0044f386-8653-4978-bb8d-2817b22111c5,Get Clean,AKL01,Small,5.0,
34,1,,0044f386-8653-4978-bb8d-2817b22111c5,Punch,AKL01,Medium,7.0,
2,1,,0044f386-8653-4978-bb8d-2817b22111c5,Blended Benefits,AKL01,Small,5.0,
25,2,AKL02-32,004607ac-0bdb-4760-9f23-315f3881ec8f,Just Juicy,AKL02,Large,9.0,
1,2,AKL02-32,004607ac-0bdb-4760-9f23-315f3881ec8f,ACID Sunshine,AKL02,Large,9.0,
31,7,PER01-251,0046221f-aed6-4360-ae1c-8897d2c97620,Power Punch,PER01,Small,5.0,
16,7,PER01-251,0046221f-aed6-4360-ae1c-8897d2c97620,Healthy Resource,PER01,Small,5.0,
11,1,,0047198b-67f0-4223-b091-ceeb4da880eb,Fruit Warehouse,AKL01,Small,5.0,
26,1,AKL01-463,004719b2-b843-49e5-9320-4ba1fa4203d3,Justified,AKL01,Small,5.0,
40,1,AKL01-463,004719b2-b843-49e5-9320-4ba1fa4203d3,Tough And Tasty,AKL01,Large,9.0,
28,1,AKL01-463,004719b2-b843-49e5-9320-4ba1fa4203d3,Nothing To Lose,AKL01,Medium,7.0,
12,1,AKL01-463,004719b2-b843-49e5-9320-4ba1fa4203d3,Fruits Of Labor,AKL01,Medium,7.0,
34,5,,00475564-1c84-4d34-ab9d-7ea36beb12ee,Punch,MEL01,Large,9.0,
6,8,SYD01-44,00475636-d34d-4625-944d-b29fc38fbded,Drink Your Greens,SYD01,Medium,7.0,
14,8,SYD01-44,00475636-d34d-4625-944d-b29fc38fbded,Healthy,SYD01,Medium,7.0,
20,8,SYD01-44,00475636-d34d-4625-944d-b29fc38fbded,Joyful,SYD01,Small,5.0,
31,5,,00479c13-a4b9-4abe-8605-c1b22a50d3ef,Power Punch,MEL01,Large,9.0,
37,5,,00479c13-a4b9-4abe-8605-c1b22a50d3ef,SQL Paths,MEL01,Small,5.0,
28,5,,00479c13-a4b9-4abe-8605-c1b22a50d3ef,Nothing To Lose,MEL01,Small,5.0,
13,6,,0047b53f-2315-4cba-810e-7b0c6ad82d72,Get Clean,MEL02,Medium,7.0,
2,6,,0047b53f-2315-4cba-810e-7b0c6ad82d72,Blended Benefits,MEL02,Small,5.0,
20,6,,0047b53f-2315-4cba-810e-7b0c6ad82d72,Joyful,MEL02,Medium,7.0,
26,6,,00488cb5-cbf3-41da-990b-0fde53d1da23,Justified,MEL02,Medium,7.0,
38,6,,00488cb5-cbf3-41da-990b-0fde53d1da23,Squeezed Sweetness,MEL02,Small,5.0,
13,3,BNE02-142,00489846-9ac6-4e1d-8083-29c978f8498e,Get Clean,BNE02,Medium,7.0,
40,3,BNE02-142,00489846-9ac6-4e1d-8083-29c978f8498e,Tough And Tasty,BNE02,Small,5.0,
10,3,BNE02-142,00489846-9ac6-4e1d-8083-29c978f8498e,Fit Fuel,BNE02,Medium,7.0,
8,5,,0048dff9-1358-48e1-89b2-d61e2b606497,Drinkable Vitamins,MEL01,Large,9.0,
6,5,,0048dff9-1358-48e1-89b2-d61e2b606497,Drink Your Greens,MEL01,Medium,7.0,
39,5,,0048dff9-1358-48e1-89b2-d61e2b606497,Super Squeezed,MEL01,Large,9.0,
23,5,,0048dff9-1358-48e1-89b2-d61e2b606497,Jumpstart,MEL01,Small,5.0,
40,5,,0048dff9-1358-48e1-89b2-d61e2b606497,Tough And Tasty,MEL01,Medium,7.0,
9,7,,0049ab4c-8b21-47d7-9a86-f3c80260ae97,Fit Drink,PER01,Medium,7.0,
32,1,,0049dcad-cc34-47c4-be77-9f7896f6544d,Powerful Punch,AKL01,Small,5.0,
15,1,,0049dcad-cc34-47c4-be77-9f7896f6544d,Healthy Hydration,AKL01,Medium,7.0,
26,1,,0049dcad-cc34-47c4-be77-9f7896f6544d,Justified,AKL01,Medium,7.0,
7,6,,004a0e77-e131-4de3-83a9-a6119b7305c3,Drink Your Vitamins,MEL02,Large,9.0,
28,3,,004a2c0d-0f5e-4ae4-a189-148bac87971b,Nothing To Lose,BNE02,Medium,7.0,
7,3,,004a2c0d-0f5e-4ae4-a189-148bac87971b,Drink Your Vitamins,BNE02,Large,9.0,
9,3,,004a2c0d-0f5e-4ae4-a189-148bac87971b,Fit Drink,BNE02,Medium,7.0,
16,8,SYD01-651,004a468b-25ea-42f8-939e-d1cab0de1ad5,Healthy Resource,SYD01,Small,5.0,
28,8,SYD01-651,004a468b-25ea-42f8-939e-d1cab0de1ad5,Nothing To Lose,SYD01,Large,9.0,
15,8,SYD01-651,004a468b-25ea-42f8-939e-d1cab0de1ad5,Healthy Hydration,SYD01,Small,5.0,
10,8,SYD01-651,004a468b-25ea-42f8-939e-d1cab0de1ad5,Fit Fuel,SYD01,Large,9.0,
33,5,,004a8854-3c67-43c4-82d5-b198ebbd59aa,Pulp Power,MEL01,Small,5.0,
6,5,,004a8854-3c67-43c4-82d5-b198ebbd59aa,Drink Your Greens,MEL01,Large,9.0,
38,8,SYD01-646,004aaae0-18d3-4400-b52e-ee18d9e56881,Squeezed Sweetness,SYD01,Large,9.0,
25,8,SYD01-646,004aaae0-18d3-4400-b52e-ee18d9e56881,Just Juicy,SYD01,Large,9.0,
30,8,SYD01-646,004aaae0-18d3-4400-b52e-ee18d9e56881,Packed Punch,SYD01,Medium,7.0,
20,9,WLG01-304,004ab3a7-6eec-4a39-b7a7-4e01250ccc69,Joyful,WLG01,Medium,7.0,
22,5,,004b4b05-2bb2-41b8-a06b-f61bb213b855,Jumble,MEL01,Large,9.0,
36,7,,004b5303-858b-415c-b05e-7128e41e80b2,Refreshing Reward,PER01,Small,5.0,
15,3,,004b7e9b-7637-47b0-843f-8315a7eaae71,Healthy Hydration,BNE02,Large,9.0,
15,3,,004b7e9b-7637-47b0-843f-8315a7eaae71,Healthy Hydration,BNE02,Medium,7.0,
36,3,,004b7e9b-7637-47b0-843f-8315a7eaae71,Refreshing Reward,BNE02,Large,9.0,
2,3,,004b7e9b-7637-47b0-843f-8315a7eaae71,Blended Benefits,BNE02,Medium,7.0,
22,6,,004bbcea-633f-40d2-a441-b8703517e9f0,Jumble,MEL02,Large,9.0,
20,6,,004bbcea-633f-40d2-a441-b8703517e9f0,Joyful,MEL02,Small,5.0,
25,7,PER01-91,004c1c7b-40ed-4be6-b134-83428b001bc2,Just Juicy,PER01,Large,9.0,
9,7,PER01-91,004c1c7b-40ed-4be6-b134-83428b001bc2,Fit Drink,PER01,Large,9.0,
11,7,PER01-91,004c1c7b-40ed-4be6-b134-83428b001bc2,Fruit Warehouse,PER01,Small,5.0,
25,7,PER01-91,004c1c7b-40ed-4be6-b134-83428b001bc2,Just Juicy,PER01,Large,9.0,
41,8,,004cdfa3-2b29-4fca-90c5-863991d0493c,Worth The Squeeze,SYD01,Large,9.0,
36,8,,004cdfa3-2b29-4fca-90c5-863991d0493c,Refreshing Reward,SYD01,Large,9.0,
8,8,,004cdfa3-2b29-4fca-90c5-863991d0493c,Drinkable Vitamins,SYD01,Small,5.0,
20,5,,004d1a71-a1eb-46db-b6ba-12289f71b7f8,Joyful,MEL01,Medium,7.0,
41,5,,004d1a71-a1eb-46db-b6ba-12289f71b7f8,Worth The Squeeze,MEL01,Medium,7.0,
7,5,,004d1a71-a1eb-46db-b6ba-12289f71b7f8,Drink Your Vitamins,MEL01,Small,5.0,
5,5,,004d1a71-a1eb-46db-b6ba-12289f71b7f8,Craze,MEL01,Medium,7.0,
34,8,SYD01-312,004e06eb-ca2f-4709-9479-d9edb3818ec6,Punch,SYD01,Small,5.0,
19,8,SYD01-312,004e06eb-ca2f-4709-9479-d9edb3818ec6,Jeneration,SYD01,Small,5.0,
2,8,SYD01-312,004e06eb-ca2f-4709-9479-d9edb3818ec6,Blended Benefits,SYD01,Small,5.0,
40,8,SYD01-312,004e06eb-ca2f-4709-9479-d9edb3818ec6,Tough And Tasty,SYD01,Small,5.0,
40,8,SYD01-312,004e06eb-ca2f-4709-9479-d9edb3818ec6,Tough And Tasty,SYD01,Small,5.0,
40,6,,004e646b-781f-499e-b637-ff34faf7e219,Tough And Tasty,MEL02,Small,5.0,
15,6,,004e646b-781f-499e-b637-ff34faf7e219,Healthy Hydration,MEL02,Medium,7.0,
2,6,,004e646b-781f-499e-b637-ff34faf7e219,Blended Benefits,MEL02,Large,9.0,
33,6,,004e646b-781f-499e-b637-ff34faf7e219,Pulp Power,MEL02,Small,5.0,
23,3,,004f03b9-16df-4d78-9ea8-00257d367f89,Jumpstart,BNE02,Small,5.0,
39,3,,004f03b9-16df-4d78-9ea8-00257d367f89,Super Squeezed,BNE02,Large,9.0,
12,3,,004f03b9-16df-4d78-9ea8-00257d367f89,Fruits Of Labor,BNE02,Large,9.0,
19,5,,004f39f6-3f09-4340-b49f-c5ccbf9b7645,Jeneration,MEL01,Medium,7.0,
22,5,,004f39f6-3f09-4340-b49f-c5ccbf9b7645,Jumble,MEL01,Large,9.0,
21,5,,004f39f6-3f09-4340-b49f-c5ccbf9b7645,Juicy Hydration,MEL01,Large,9.0,
5,5,,004f39f6-3f09-4340-b49f-c5ccbf9b7645,Craze,MEL01,Large,9.0,
29,8,,004f78ea-2ca2-49c0-b67b-7baeb4d67df1,Orange Lake,SYD01,Small,5.0,
30,8,,004f78ea-2ca2-49c0-b67b-7baeb4d67df1,Packed Punch,SYD01,Large,9.0,
21,6,,004f817b-71fa-40fc-982b-851c9bf72cb2,Juicy Hydration,MEL02,Large,9.0,
23,6,,004f817b-71fa-40fc-982b-851c9bf72cb2,Jumpstart,MEL02,Medium,7.0,
34,6,,004f817b-71fa-40fc-982b-851c9bf72cb2,Punch,MEL02,Large,9.0,
17,8,,004fc65a-5dfa-46f6-b2bb-c5fb89f60291,Hydration Station,SYD01,Large,9.0,
39,8,,004fc65a-5dfa-46f6-b2bb-c5fb89f60291,Super Squeezed,SYD01,Large,9.0,
7,8,,004fc65a-5dfa-46f6-b2bb-c5fb89f60291,Drink Your Vitamins,SYD01,Small,5.0,
28,8,SYD01-368,00500acd-a329-4694-82bc-ef485dab53e1,Nothing To Lose,SYD01,Small,5.0,
32,8,SYD01-368,00500acd-a329-4694-82bc-ef485dab53e1,Powerful Punch,SYD01,Small,5.0,
32,8,SYD01-368,00500acd-a329-4694-82bc-ef485dab53e1,Powerful Punch,SYD01,Small,5.0,
3,8,SYD01-368,00500acd-a329-4694-82bc-ef485dab53e1,Bounty Of Benefits,SYD01,Large,9.0,
14,6,,00503944-cc73-4f11-9875-40838ffda88b,Healthy,MEL02,Small,5.0,
11,6,,00503944-cc73-4f11-9875-40838ffda88b,Fruit Warehouse,MEL02,Small,5.0,
9,6,,00503944-cc73-4f11-9875-40838ffda88b,Fit Drink,MEL02,Small,5.0,
16,6,,00503944-cc73-4f11-9875-40838ffda88b,Healthy Resource,MEL02,Medium,7.0,
40,3,,0050c8d1-ab9b-426a-9d40-41ba78742db6,Tough And Tasty,BNE02,Small,5.0,
24,3,,0050c8d1-ab9b-426a-9d40-41ba78742db6,Jungle,BNE02,Medium,7.0,
38,1,AKL01-120,0050d414-9515-491e-8c7e-147eff681319,Squeezed Sweetness,AKL01,Large,9.0,
8,9,,005102c5-714c-4a32-ac81-6064e1316fba,Drinkable Vitamins,WLG01,Medium,7.0,
33,9,WLG01-418,005111ed-8fd7-4003-a375-734017678d6d,Pulp Power,WLG01,Small,5.0,
27,9,WLG01-418,005111ed-8fd7-4003-a375-734017678d6d,No Excuse,WLG01,Medium,7.0,
7,9,WLG01-418,005111ed-8fd7-4003-a375-734017678d6d,Drink Your Vitamins,WLG01,Medium,7.0,
4,9,WLG01-418,005111ed-8fd7-4003-a375-734017678d6d,Complete Cleanse,WLG01,Large,9.0,
2,3,BNE02-76,005116d7-6526-4349-ae1b-c9e022f4d4dc,Blended Benefits,BNE02,Medium,7.0,
32,3,BNE02-76,005116d7-6526-4349-ae1b-c9e022f4d4dc,Powerful Punch,BNE02,Large,9.0,
12,1,,005276f6-750a-41dd-be49-27b6a0cdd13c,Fruits Of Labor,AKL01,Medium,7.0,
16,1,,005276f6-750a-41dd-be49-27b6a0cdd13c,Healthy Resource,AKL01,Medium,7.0,
14,1,,005276f6-750a-41dd-be49-27b6a0cdd13c,Healthy,AKL01,Small,5.0,
26,1,,005276f6-750a-41dd-be49-27b6a0cdd13c,Justified,AKL01,Medium,7.0,
33,8,,0052d5bf-ae5b-48d6-994f-1992ffb38c87,Pulp Power,SYD01,Medium,7.0,
29,6,,00532fd2-eddd-42bb-830d-f76b2d783bdf,Orange Lake,MEL02,Small,5.0,
39,7,PER01-95,0053437a-170b-492f-8017-eea03ee63a9c,Super Squeezed,PER01,Large,9.0,
38,1,,005398cd-bb9c-4b55-8836-cd3c02fb878d,Squeezed Sweetness,AKL01,Medium,7.0,
3,1,,005398cd-bb9c-4b55-8836-cd3c02fb878d,Bounty Of Benefits,AKL01,Large,9.0,
3,1,,005398cd-bb9c-4b55-8836-cd3c02fb878d,Bounty Of Benefits,AKL01,Medium,7.0,
19,7,,0053fb59-a0d1-42b2-ba1e-093dd920d025,Jeneration,PER01,Medium,7.0,
26,7,,0053fb59-a0d1-42b2-ba1e-093dd920d025,Justified,PER01,Large,9.0,
25,5,,005460c9-906b-425f-9c41-4a02ac9240ba,Just Juicy,MEL01,Small,5.0,
33,5,,005460c9-906b-425f-9c41-4a02ac9240ba,Pulp Power,MEL01,Large,9.0,
38,5,,005460c9-906b-425f-9c41-4a02ac9240ba,Squeezed Sweetness,MEL01,Medium,7.0,
38,5,,005460c9-906b-425f-9c41-4a02ac9240ba,Squeezed Sweetness,MEL01,Small,5.0,
36,5,,005460c9-906b-425f-9c41-4a02ac9240ba,Refreshing Reward,MEL01,Small,5.0,
1,5,,0055fbfe-5e8c-4996-bdc5-3a564ce0bfa2,ACID Sunshine,MEL01,Small,5.0,
26,1,,00568578-98ac-4878-af96-84c4fb210120,Justified,AKL01,Large,9.0,
33,1,,00568578-98ac-4878-af96-84c4fb210120,Pulp Power,AKL01,Large,9.0,
41,1,,00568578-98ac-4878-af96-84c4fb210120,Worth The Squeeze,AKL01,Small,5.0,
28,6,,0056b6cb-6ed8-4152-bee9-c41268471e7d,Nothing To Lose,MEL02,Small,5.0,
18,8,SYD01-508,0056f957-04a1-4aa8-af37-805effee428f,Indulgent,SYD01,Small,5.0,
20,4,,0057306e-8a60-4003-8356-76013a3286e4,Joyful,CBR01,Large,9.0,
3,4,,0057306e-8a60-4003-8356-76013a3286e4,Bounty Of Benefits,CBR01,Medium,7.0,
29,3,,005752b1-8af8-4171-bd5d-72ca90c68382,Orange Lake,BNE02,Large,9.0,
31,3,,005752b1-8af8-4171-bd5d-72ca90c68382,Power Punch,BNE02,Large,9.0,
7,3,,005762b4-6242-4c87-8cde-9ec188287436,Drink Your Vitamins,BNE02,Large,9.0,
39,3,,005762b4-6242-4c87-8cde-9ec188287436,Super Squeezed,BNE02,Medium,7.0,
14,3,,005762b4-6242-4c87-8cde-9ec188287436,Healthy,BNE02,Small,5.0,
37,3,,005762b4-6242-4c87-8cde-9ec188287436,SQL Paths,BNE02,Small,5.0,
37,3,,005762b4-6242-4c87-8cde-9ec188287436,SQL Paths,BNE02,Large,9.0,
4,8,,00577a39-86a6-4f7b-80a6-b0e9fa551b78,Complete Cleanse,SYD01,Large,9.0,
2,8,,00577a39-86a6-4f7b-80a6-b0e9fa551b78,Blended Benefits,SYD01,Small,5.0,
26,1,,0057b3a4-4987-4fc5-959a-698ef36896a5,Justified,AKL01,Large,9.0,
37,1,,0057b3a4-4987-4fc5-959a-698ef36896a5,SQL Paths,AKL01,Small,5.0,
6,1,,0057b3a4-4987-4fc5-959a-698ef36896a5,Drink Your Greens,AKL01,Large,9.0,
20,5,MEL01-162,00582d3d-ab11-4a20-95dc-f79a50434df7,Joyful,MEL01,Large,9.0,
31,5,MEL01-162,00582d3d-ab11-4a20-95dc-f79a50434df7,Power Punch,MEL01,Large,9.0,
34,5,MEL01-162,00582d3d-ab11-4a20-95dc-f79a50434df7,Punch,MEL01,Large,9.0,
32,8,SYD01-543,00586e01-9995-4337-825a-239324bf4e1f,Powerful Punch,SYD01,Small,5.0,
30,8,SYD01-543,00586e01-9995-4337-825a-239324bf4e1f,Packed Punch,SYD01,Small,5.0,
38,8,SYD01-543,00586e01-9995-4337-825a-239324bf4e1f,Squeezed Sweetness,SYD01,Large,9.0,
35,3,,0058882b-f076-4c10-83b2-0bfa663d000c,Rapid Reward,BNE02,Small,5.0,
16,3,,0058882b-f076-4c10-83b2-0bfa663d000c,Healthy Resource,BNE02,Large,9.0,
31,3,,0058882b-f076-4c10-83b2-0bfa663d000c,Power Punch,BNE02,Medium,7.0,
2,3,,0058882b-f076-4c10-83b2-0bfa663d000c,Blended Benefits,BNE02,Small,5.0,
11,3,,0058882b-f076-4c10-83b2-0bfa663d000c,Fruit Warehouse,BNE02,Small,5.0,
6,4,,00590136-f83e-480e-beca-43888b9d7cd9,Drink Your Greens,CBR01,Small,5.0,
19,4,,00590136-f83e-480e-beca-43888b9d7cd9,Jeneration,CBR01,Small,5.0,
25,4,,00590136-f83e-480e-beca-43888b9d7cd9,Just Juicy,CBR01,Small,5.0,
15,5,MEL01-832,00593523-19af-4b15-aec6-db754517b8a3,Healthy Hydration,MEL01,Large,9.0,
9,5,MEL01-832,00593523-19af-4b15-aec6-db754517b8a3,Fit Drink,MEL01,Large,9.0,
10,5,MEL01-832,00593523-19af-4b15-aec6-db754517b8a3,Fit Fuel,MEL01,Large,9.0,
8,5,MEL01-371,00599315-633c-4200-983b-9870074f4b00,Drinkable Vitamins,MEL01,Large,9.0,
38,5,MEL01-371,00599315-633c-4200-983b-9870074f4b00,Squeezed Sweetness,MEL01,Medium,7.0,
30,3,,00599d9e-8f85-4d5f-bc0b-ec1ef455dd19,Packed Punch,BNE02,Small,5.0,
4,3,,00599d9e-8f85-4d5f-bc0b-ec1ef455dd19,Complete Cleanse,BNE02,Small,5.0,
31,3,,00599d9e-8f85-4d5f-bc0b-ec1ef455dd19,Power Punch,BNE02,Medium,7.0,
7,1,,0059aac2-51bb-44eb-ae03-0424605467e7,Drink Your Vitamins,AKL01,Medium,7.0,
23,1,,0059aac2-51bb-44eb-ae03-0424605467e7,Jumpstart,AKL01,Small,5.0,
38,1,,0059aac2-51bb-44eb-ae03-0424605467e7,Squeezed Sweetness,AKL01,Medium,7.0,
20,7,PER01-464,0059ad91-39e6-4d60-936e-08243a74d412,Joyful,PER01,Large,9.0,
25,7,PER01-464,0059ad91-39e6-4d60-936e-08243a74d412,Just Juicy,PER01,Large,9.0,
41,7,PER01-464,0059ad91-39e6-4d60-936e-08243a74d412,Worth The Squeeze,PER01,Medium,7.0,
28,5,,0059ba68-913e-4d15-a5bc-d62d8d615bfe,Nothing To Lose,MEL01,Small,5.0,
12,5,,0059ba68-913e-4d15-a5bc-d62d8d615bfe,Fruits Of Labor,MEL01,Medium,7.0,
6,5,,0059ba68-913e-4d15-a5bc-d62d8d615bfe,Drink Your Greens,MEL01,Large,9.0,
37,6,,0059c518-bc57-4d42-8351-4de67778231d,SQL Paths,MEL02,Large,9.0,
27,6,,0059c518-bc57-4d42-8351-4de67778231d,No Excuse,MEL02,Medium,7.0,
38,6,,0059c518-bc57-4d42-8351-4de67778231d,Squeezed Sweetness,MEL02,Small,5.0,
23,6,,0059c518-bc57-4d42-8351-4de67778231d,Jumpstart,MEL02,Medium,7.0,
30,8,SYD01-589,0059d363-ba4c-4a4a-9327-df5716bd33c0,Packed Punch,SYD01,Medium,7.0,
7,8,SYD01-589,0059d363-ba4c-4a4a-9327-df5716bd33c0,Drink Your Vitamins,SYD01,Medium,7.0,
3,1,,0059fe28-c18c-4eb5-b893-b885ff6aca6c,Bounty Of Benefits,AKL01,Medium,7.0,
34,1,,0059fe28-c18c-4eb5-b893-b885ff6aca6c,Punch,AKL01,Small,5.0,
37,1,,0059fe28-c18c-4eb5-b893-b885ff6aca6c,SQL Paths,AKL01,Large,9.0,
21,1,,0059fe28-c18c-4eb5-b893-b885ff6aca6c,Juicy Hydration,AKL01,Small,5.0,
28,1,,0059fe28-c18c-4eb5-b893-b885ff6aca6c,Nothing To Lose,AKL01,Small,5.0,
1,8,SYD01-17,005a1b67-c85e-4204-9951-b6bcbb7e6609,ACID Sunshine,SYD01,Medium,7.0,
16,2,AKL02-47,005a5e93-9f62-44c1-b379-6e903bf0188b,Healthy Resource,AKL02,Small,5.0,
25,2,AKL02-47,005a5e93-9f62-44c1-b379-6e903bf0188b,Just Juicy,AKL02,Medium,7.0,
40,2,AKL02-47,005a5e93-9f62-44c1-b379-6e903bf0188b,Tough And Tasty,AKL02,Medium,7.0,
25,2,AKL02-47,005a5e93-9f62-44c1-b379-6e903bf0188b,Just Juicy,AKL02,Large,9.0,
17,2,AKL02-47,005a5e93-9f62-44c1-b379-6e903bf0188b,Hydration Station,AKL02,Small,5.0,
7,3,,005ad825-456b-4ade-91db-35c07312cf26,Drink Your Vitamins,BNE02,Small,5.0,
24,1,,005adab5-6fa4-40b6-ad29-8cf765484213,Jungle,AKL01,Medium,7.0,
18,4,CBR01-39,005b574c-15de-4d15-8493-ee664bdfc4b6,Indulgent,CBR01,Small,5.0,
34,4,CBR01-39,005b574c-15de-4d15-8493-ee664bdfc4b6,Punch,CBR01,Medium,7.0,
23,4,CBR01-39,005b574c-15de-4d15-8493-ee664bdfc4b6,Jumpstart,CBR01,Large,9.0,
3,4,CBR01-39,005b574c-15de-4d15-8493-ee664bdfc4b6,Bounty Of Benefits,CBR01,Large,9.0,
2,5,,005b5be6-2c89-47a6-9d58-07a06636f936,Blended Benefits,MEL01,Large,9.0,
38,5,,005b5be6-2c89-47a6-9d58-07a06636f936,Squeezed Sweetness,MEL01,Large,9.0,
10,5,MEL01-560,005b888f-a123-4452-aa0f-69aa3697cdbb,Fit Fuel,MEL01,Large,9.0,
31,3,,005cafa9-cdd5-4dba-aca9-736584dff13a,Power Punch,BNE02,Medium,7.0,
11,8,SYD01-110,005d0fa8-47f3-4b53-a982-0f305631b9a9,Fruit Warehouse,SYD01,Medium,7.0,
31,8,SYD01-110,005d0fa8-47f3-4b53-a982-0f305631b9a9,Power Punch,SYD01,Medium,7.0,
41,8,SYD01-110,005d0fa8-47f3-4b53-a982-0f305631b9a9,Worth The Squeeze,SYD01,Large,9.0,
22,7,PER01-279,005d29fa-20d3-40b0-b1ff-60031eebb2e9,Jumble,PER01,Small,5.0,
18,7,PER01-279,005d29fa-20d3-40b0-b1ff-60031eebb2e9,Indulgent,PER01,Medium,7.0,
25,6,,005db417-507a-4fd7-a5bd-43365b9d4310,Just Juicy,MEL02,Medium,7.0,
1,6,,005db417-507a-4fd7-a5bd-43365b9d4310,ACID Sunshine,MEL02,Medium,7.0,
27,6,,005db417-507a-4fd7-a5bd-43365b9d4310,No Excuse,MEL02,Small,5.0,
6,6,,005db417-507a-4fd7-a5bd-43365b9d4310,Drink Your Greens,MEL02,Medium,7.0,
15,6,,005db417-507a-4fd7-a5bd-43365b9d4310,Healthy Hydration,MEL02,Small,5.0,
15,6,,005dfe75-eb47-43ba-9630-2bc6b5af912e,Healthy Hydration,MEL02,Medium,7.0,
28,5,,005e08e9-8b71-4b09-b1c7-d4eb33fa1bbd,Nothing To Lose,MEL01,Large,9.0,
1,5,,005e08e9-8b71-4b09-b1c7-d4eb33fa1bbd,ACID Sunshine,MEL01,Medium,7.0,
29,5,,005e08e9-8b71-4b09-b1c7-d4eb33fa1bbd,Orange Lake,MEL01,Small,5.0,
33,5,MEL01-495,005ea86c-2111-4522-a2cc-3dfade5f2c20,Pulp Power,MEL01,Medium,7.0,
22,5,MEL01-495,005ea86c-2111-4522-a2cc-3dfade5f2c20,Jumble,MEL01,Small,5.0,
16,2,AKL02-24,005f12c1-6cad-4a59-ab61-8cffe24af137,Healthy Resource,AKL02,Small,5.0,
38,9,,005f2bae-e62b-422b-81fd-f5fdd491a01f,Squeezed Sweetness,WLG01,Small,5.0,
5,4,CBR01-94,005f3d78-b848-4c15-a6dc-5e480f2ed542,Craze,CBR01,Large,9.0,
40,4,CBR01-94,005f3d78-b848-4c15-a6dc-5e480f2ed542,Tough And Tasty,CBR01,Large,9.0,
23,4,CBR01-94,005f3d78-b848-4c15-a6dc-5e480f2ed542,Jumpstart,CBR01,Small,5.0,
8,4,CBR01-94,005f3d78-b848-4c15-a6dc-5e480f2ed542,Drinkable Vitamins,CBR01,Large,9.0,
6,6,,005f49ca-5788-46c8-95c4-ed8c51bbed52,Drink Your Greens,MEL02,Small,5.0,
30,6,,005f49ca-5788-46c8-95c4-ed8c51bbed52,Packed Punch,MEL02,Medium,7.0,
17,6,,005f49ca-5788-46c8-95c4-ed8c51bbed52,Hydration Station,MEL02,Large,9.0,
38,5,MEL01-187,005f4a11-a042-466d-b937-c875d1be56db,Squeezed Sweetness,MEL01,Medium,7.0,
12,5,MEL01-187,005f4a11-a042-466d-b937-c875d1be56db,Fruits Of Labor,MEL01,Small,5.0,
6,5,MEL01-187,005f4a11-a042-466d-b937-c875d1be56db,Drink Your Greens,MEL01,Medium,7.0,
24,3,,005f5ee3-ee68-4f0f-be13-c3b02ea0dae8,Jungle,BNE02,Small,5.0,
36,3,,005f5ee3-ee68-4f0f-be13-c3b02ea0dae8,Refreshing Reward,BNE02,Medium,7.0,
34,3,,005f5ee3-ee68-4f0f-be13-c3b02ea0dae8,Punch,BNE02,Small,5.0,
26,3,,005f5ee3-ee68-4f0f-be13-c3b02ea0dae8,Justified,BNE02,Medium,7.0,
12,7,PER01-425,005ff0eb-3751-4306-a27e-884c27f71680,Fruits Of Labor,PER01,Medium,7.0,
16,7,PER01-425,005ff0eb-3751-4306-a27e-884c27f71680,Healthy Resource,PER01,Large,9.0,
23,7,PER01-425,005ff0eb-3751-4306-a27e-884c27f71680,Jumpstart,PER01,Large,9.0,
15,7,PER01-425,005ff0eb-3751-4306-a27e-884c27f71680,Healthy Hydration,PER01,Small,5.0,
37,7,PER01-425,005ff0eb-3751-4306-a27e-884c27f71680,SQL Paths,PER01,Medium,7.0,
23,8,,00605770-1b9e-4572-99e8-19f1c8d72ac7,Jumpstart,SYD01,Small,5.0,
33,8,,00605770-1b9e-4572-99e8-19f1c8d72ac7,Pulp Power,SYD01,Medium,7.0,
27,8,,00605770-1b9e-4572-99e8-19f1c8d72ac7,No Excuse,SYD01,Medium,7.0,
39,7,,006069cf-11a7-484b-84ad-82e173d5199f,Super Squeezed,PER01,Large,9.0,
10,7,,006069cf-11a7-484b-84ad-82e173d5199f,Fit Fuel,PER01,Medium,7.0,
4,7,,006069cf-11a7-484b-84ad-82e173d5199f,Complete Cleanse,PER01,Large,9.0,
8,7,,006069cf-11a7-484b-84ad-82e173d5199f,Drinkable Vitamins,PER01,Medium,7.0,
2,6,MEL02-321,006178da-c680-477f-87bb-d78b0ed9c58a,Blended Benefits,MEL02,Large,9.0,
27,6,MEL02-321,006178da-c680-477f-87bb-d78b0ed9c58a,No Excuse,MEL02,Small,5.0,
26,6,MEL02-321,006178da-c680-477f-87bb-d78b0ed9c58a,Justified,MEL02,Small,5.0,
29,6,MEL02-321,006178da-c680-477f-87bb-d78b0ed9c58a,Orange Lake,MEL02,Large,9.0,
22,5,,00625804-ee45-42e0-a312-e606f54eea53,Jumble,MEL01,Small,5.0,
28,5,,00625804-ee45-42e0-a312-e606f54eea53,Nothing To Lose,MEL01,Small,5.0,
27,9,WLG01-139,006266ca-99f7-48b3-9a10-df71f4e30f0b,No Excuse,WLG01,Medium,7.0,
28,3,,00627e56-20b4-41be-a046-d63df3331619,Nothing To Lose,BNE02,Small,5.0,
9,3,,00627e56-20b4-41be-a046-d63df3331619,Fit Drink,BNE02,Large,9.0,
7,7,,0062e980-d78e-4c19-8c89-e7ef9bf02a0b,Drink Your Vitamins,PER01,Small,5.0,
2,7,,0062e980-d78e-4c19-8c89-e7ef9bf02a0b,Blended Benefits,PER01,Medium,7.0,
11,9,WLG01-202,00635167-b109-4979-9075-069c8a1eacda,Fruit Warehouse,WLG01,Small,5.0,
5,9,WLG01-202,00635167-b109-4979-9075-069c8a1eacda,Craze,WLG01,Small,5.0,
32,9,WLG01-202,00635167-b109-4979-9075-069c8a1eacda,Powerful Punch,WLG01,Medium,7.0,
35,9,WLG01-202,00635167-b109-4979-9075-069c8a1eacda,Rapid Reward,WLG01,Small,5.0,
19,6,,0063d854-2264-463a-a0d6-d29afd9aeb9d,Jeneration,MEL02,Large,9.0,
3,6,,0063d854-2264-463a-a0d6-d29afd9aeb9d,Bounty Of Benefits,MEL02,Large,9.0,
41,7,PER01-495,0064106d-c074-4028-8924-ec7491b34ffd,Worth The Squeeze,PER01,Large,9.0,
20,7,PER01-495,0064106d-c074-4028-8924-ec7491b34ffd,Joyful,PER01,Small,5.0,
33,7,PER01-495,0064106d-c074-4028-8924-ec7491b34ffd,Pulp Power,PER01,Medium,7.0,
26,3,,00649000-6b5c-4547-bc6f-c475b7e754d4,Justified,BNE02,Large,9.0,
35,3,,00649000-6b5c-4547-bc6f-c475b7e754d4,Rapid Reward,BNE02,Small,5.0,
5,3,,0064a4d0-cdda-42d4-8e6c-edd88a22ddbf,Craze,BNE02,Medium,7.0,
31,3,,0064a4d0-cdda-42d4-8e6c-edd88a22ddbf,Power Punch,BNE02,Large,9.0,
14,3,,0064a4d0-cdda-42d4-8e6c-edd88a22ddbf,Healthy,BNE02,Large,9.0,
10,8,,0064acd6-20bd-42cc-a1ff-5040000faaad,Fit Fuel,SYD01,Small,5.0,
30,3,,0064dc6a-ae81-4fc8-b53c-b7bacc7fdc06,Packed Punch,BNE02,Medium,7.0,
13,3,,0064dc6a-ae81-4fc8-b53c-b7bacc7fdc06,Get Clean,BNE02,Large,9.0,
3,3,,0064dc6a-ae81-4fc8-b53c-b7bacc7fdc06,Bounty Of Benefits,BNE02,Medium,7.0,
34,3,,0064dc6a-ae81-4fc8-b53c-b7bacc7fdc06,Punch,BNE02,Medium,7.0,
13,3,,0064dc6a-ae81-4fc8-b53c-b7bacc7fdc06,Get Clean,BNE02,Large,9.0,
36,4,CBR01-29,00650d1a-96e1-4514-af4c-1e5fe964da7d,Refreshing Reward,CBR01,Small,5.0,
32,4,CBR01-29,00650d1a-96e1-4514-af4c-1e5fe964da7d,Powerful Punch,CBR01,Large,9.0,
21,4,CBR01-29,00650d1a-96e1-4514-af4c-1e5fe964da7d,Juicy Hydration,CBR01,Small,5.0,
18,8,,006522a6-bb86-4c75-9153-d23c49a9713c,Indulgent,SYD01,Medium,7.0,
9,8,,006522a6-bb86-4c75-9153-d23c49a9713c,Fit Drink,SYD01,Small,5.0,
10,8,,006522a6-bb86-4c75-9153-d23c49a9713c,Fit Fuel,SYD01,Small,5.0,
7,8,,006522a6-bb86-4c75-9153-d23c49a9713c,Drink Your Vitamins,SYD01,Large,9.0,
32,2,AKL02-6,00656da4-5cd7-497f-b923-860de2cccb52,Powerful Punch,AKL02,Small,5.0,
26,2,AKL02-6,00656da4-5cd7-497f-b923-860de2cccb52,Justified,AKL02,Large,9.0,
39,2,AKL02-6,00656da4-5cd7-497f-b923-860de2cccb52,Super Squeezed,AKL02,Small,5.0,
10,2,AKL02-6,00656da4-5cd7-497f-b923-860de2cccb52,Fit Fuel,AKL02,Large,9.0,
13,6,,0065a062-fd0c-43d0-b015-5e908eb7c270,Get Clean,MEL02,Small,5.0,
3,6,,0065a062-fd0c-43d0-b015-5e908eb7c270,Bounty Of Benefits,MEL02,Small,5.0,
3,8,SYD01-736,006640a0-2f9d-411e-9be5-39a63d58dc7f,Bounty Of Benefits,SYD01,Medium,7.0,
26,8,SYD01-736,006640a0-2f9d-411e-9be5-39a63d58dc7f,Justified,SYD01,Medium,7.0,
23,8,SYD01-736,006640a0-2f9d-411e-9be5-39a63d58dc7f,Jumpstart,SYD01,Medium,7.0,
7,7,,0066521e-d89e-4bea-a10f-2d4cd7c391d8,Drink Your Vitamins,PER01,Large,9.0,
16,7,,0066521e-d89e-4bea-a10f-2d4cd7c391d8,Healthy Resource,PER01,Large,9.0,
39,6,,0066906b-56a4-48c9-959a-4fdf0739fb2d,Super Squeezed,MEL02,Small,5.0,
40,6,,006691a2-3ae3-4c0d-afde-c58ce357ca52,Tough And Tasty,MEL02,Large,9.0,
26,3,,0066a442-d967-4605-bd64-c5b8e7129898,Justified,BNE02,Large,9.0,
36,1,,0066c037-1884-45c2-9d6e-503b0750bb65,Refreshing Reward,AKL01,Large,9.0,
5,8,,00672f82-bf62-4738-b553-2ec5800241d5,Craze,SYD01,Large,9.0,
30,8,,00672f82-bf62-4738-b553-2ec5800241d5,Packed Punch,SYD01,Medium,7.0,
38,8,,00672f82-bf62-4738-b553-2ec5800241d5,Squeezed Sweetness,SYD01,Small,5.0,
40,7,PER01-323,00674035-4af1-40bc-97f9-49e9302743c8,Tough And Tasty,PER01,Large,9.0,
8,7,PER01-323,00674035-4af1-40bc-97f9-49e9302743c8,Drinkable Vitamins,PER01,Small,5.0,
9,7,PER01-323,00674035-4af1-40bc-97f9-49e9302743c8,Fit Drink,PER01,Medium,7.0,
21,7,PER01-323,00674035-4af1-40bc-97f9-49e9302743c8,Juicy Hydration,PER01,Small,5.0,
35,7,PER01-323,00674035-4af1-40bc-97f9-49e9302743c8,Rapid Reward,PER01,Small,5.0,
15,8,,0067d278-618f-473b-97fe-2481d563d967,Healthy Hydration,SYD01,Large,9.0,
21,8,,0067d278-618f-473b-97fe-2481d563d967,Juicy Hydration,SYD01,Large,9.0,
1,8,,0067d278-618f-473b-97fe-2481d563d967,ACID Sunshine,SYD01,Large,9.0,
6,8,,0067d278-618f-473b-97fe-2481d563d967,Drink Your Greens,SYD01,Small,5.0,
5,2,,0067fd34-3a14-43f8-aefe-065240a4cdae,Craze,AKL02,Large,9.0,
5,8,SYD01-411,0068263e-eeb4-4742-8de3-8d9974aca20d,Craze,SYD01,Small,5.0,
24,3,,00686aea-6a33-41ee-9d64-fd3d3ee36425,Jungle,BNE02,Medium,7.0,
25,3,,00686aea-6a33-41ee-9d64-fd3d3ee36425,Just Juicy,BNE02,Large,9.0,
41,3,,00686aea-6a33-41ee-9d64-fd3d3ee36425,Worth The Squeeze,BNE02,Small,5.0,
20,3,,00686aea-6a33-41ee-9d64-fd3d3ee36425,Joyful,BNE02,Small,5.0,
28,8,,006891c5-0ccb-4cc1-9c6c-edbfd451593f,Nothing To Lose,SYD01,Medium,7.0,
16,8,,006891c5-0ccb-4cc1-9c6c-edbfd451593f,Healthy Resource,SYD01,Small,5.0,
4,8,,006891c5-0ccb-4cc1-9c6c-edbfd451593f,Complete Cleanse,SYD01,Small,5.0,
31,8,,006891c5-0ccb-4cc1-9c6c-edbfd451593f,Power Punch,SYD01,Small,5.0,
21,5,MEL01-479,0069a30a-177d-4110-85e1-f0e4d912ef4e,Juicy Hydration,MEL01,Medium,7.0,
38,5,MEL01-479,0069a30a-177d-4110-85e1-f0e4d912ef4e,Squeezed Sweetness,MEL01,Medium,7.0,
1,1,,006a241c-f7d9-4473-be1a-469584cf5375,ACID Sunshine,AKL01,Large,9.0,
10,1,,006a241c-f7d9-4473-be1a-469584cf5375,Fit Fuel,AKL01,Medium,7.0,
2,1,,006a241c-f7d9-4473-be1a-469584cf5375,Blended Benefits,AKL01,Small,5.0,
36,1,,006a241c-f7d9-4473-be1a-469584cf5375,Refreshing Reward,AKL01,Small,5.0,
15,9,WLG01-776,006a45ed-5172-4f29-8842-1a0aa646de9c,Healthy Hydration,WLG01,Medium,7.0,
27,9,WLG01-776,006a45ed-5172-4f29-8842-1a0aa646de9c,No Excuse,WLG01,Medium,7.0,
11,9,WLG01-776,006a45ed-5172-4f29-8842-1a0aa646de9c,Fruit Warehouse,WLG01,Small,5.0,
2,5,MEL01-444,006a4723-c888-4835-9616-26c144e4e180,Blended Benefits,MEL01,Medium,7.0,
12,5,MEL01-444,006a4723-c888-4835-9616-26c144e4e180,Fruits Of Labor,MEL01,Small,5.0,
4,5,MEL01-444,006a4723-c888-4835-9616-26c144e4e180,Complete Cleanse,MEL01,Medium,7.0,
17,5,MEL01-444,006a4723-c888-4835-9616-26c144e4e180,Hydration Station,MEL01,Large,9.0,
4,4,,006a9742-90f3-4609-820d-42b704cf75e2,Complete Cleanse,CBR01,Medium,7.0,
41,4,,006a9742-90f3-4609-820d-42b704cf75e2,Worth The Squeeze,CBR01,Large,9.0,
20,4,,006a9742-90f3-4609-820d-42b704cf75e2,Joyful,CBR01,Small,5.0,
37,9,WLG01-306,006b7d23-da77-4e55-af73-fe483530e166,SQL Paths,WLG01,Small,5.0,
41,9,WLG01-306,006b7d23-da77-4e55-af73-fe483530e166,Worth The Squeeze,WLG01,Large,9.0,
16,9,WLG01-306,006b7d23-da77-4e55-af73-fe483530e166,Healthy Resource,WLG01,Large,9.0,
17,5,MEL01-672,006daf4c-83b1-42de-8662-16a38dd827b1,Hydration Station,MEL01,Large,9.0,
32,5,MEL01-672,006daf4c-83b1-42de-8662-16a38dd827b1,Powerful Punch,MEL01,Medium,7.0,
11,5,MEL01-672,006daf4c-83b1-42de-8662-16a38dd827b1,Fruit Warehouse,MEL01,Small,5.0,
6,5,MEL01-672,006daf4c-83b1-42de-8662-16a38dd827b1,Drink Your Greens,MEL01,Small,5.0,
28,1,,006dfa6e-ee61-4aa4-88a8-d2c6f5aebad6,Nothing To Lose,AKL01,Small,5.0,
1,1,,006dfa6e-ee61-4aa4-88a8-d2c6f5aebad6,ACID Sunshine,AKL01,Large,9.0,
34,5,,006e104a-d166-43c8-aa59-b41036c8732d,Punch,MEL01,Medium,7.0,
15,5,,006e104a-d166-43c8-aa59-b41036c8732d,Healthy Hydration,MEL01,Medium,7.0,
23,5,,006e104a-d166-43c8-aa59-b41036c8732d,Jumpstart,MEL01,Large,9.0,
2,5,,006e104a-d166-43c8-aa59-b41036c8732d,Blended Benefits,MEL01,Large,9.0,
22,8,SYD01-50,006ec580-e1a6-405e-ad2f-0235fd013268,Jumble,SYD01,Medium,7.0,
39,8,SYD01-50,006ec580-e1a6-405e-ad2f-0235fd013268,Super Squeezed,SYD01,Medium,7.0,
27,5,,006f3deb-5efa-470e-9ab1-5e67a05877c6,No Excuse,MEL01,Medium,7.0,
9,5,,006f3deb-5efa-470e-9ab1-5e67a05877c6,Fit Drink,MEL01,Medium,7.0,
